9.74,9.5261,9.45,9.1809,9.1232,9.0287,8.8791,8.8306,8.5983,8.3844,8.4737,8.3425,8.5053,8.4843,8.546,8.8007,8.7889,9.2733,9.7852,10.3247,11.3328,11.5324,12.8069,13.7048,13.8767,15.528,16.2605,16.6713,17.514,16.9326,15.901,14.952,13.415,12.4936,10.4421,9.0797,7.7081,6.5478,6.095,5.8443,5.7682,5.6921,5.616,5.5399,5.4638,5.3878,5.3117,5.2356,5.1595,5.0834
9.7439,9.514,9.4017,9.3075,9.0957,8.8748,8.7806,8.7679,8.538,8.5524,8.2953,8.5178,8.4688,8.5466,8.7147,8.8829,9.3497,9.8798,10.0661,10.759,11.6148,12.2354,13.254,14.1641,15.0923,15.8033,16.2882,17.4154,17.6922,17.5618,15.4319,13.863,12.0769,10.7884,9.3462,8.0758,7.0497,6.3222,6.0471,5.8443,5.7682,5.6921,5.616,5.5399,5.4638,5.3877,5.3117,5.2356,5.1595,5.0834
9.5386,9.5897,9.2865,9.0832,9.1252,8.7585,8.7732,8.6335,8.5393,8.4632,8.5506,8.6198,8.6073,8.5766,9.0637,9.0421,9.4019,9.7436,10.4668,10.7086,11.8042,13.1813,13.3323,14.1826,15.3963,16.0468,17.5057,17.0118,16.6632,16.1239,14.7944,13.7555,12.8075,10.5697,9.2221,8.0651,7.0354,6.3326,5.9567,5.8443,5.7682,5.6921,5.616,5.5399,5.4638,5.3878,5.3117,5.2356,5.1595,5.0834
9.7219,9.2187,9.2355,9.178,8.9254,8.8772,8.8661,8.595,8.5746,8.5264,8.5153,8.6156,8.6974,8.7791,8.9445,9.0819,9.7115,10.0254,10.72,11.4331,12.1463,13.2773,13.8326,15.0843,15.2125,16.3249,17.2888,17.2312,16.6909,15.6863,14.8673,13.1106,11.3725,10.0707,8.8804,7.8015,6.7226,6.1729,5.9483,5.8443,5.7682,5.6921,5.616,5.5399,5.4638,5.3878,5.3117,5.2356,5.1595,5.0834
9.7004,9.5039,9.3353,9.1204,9.0257,8.8386,8.7532,8.7512,8.7029,8.7471,8.7358,8.8263,8.9353,9.3498,9.3478,9.8363,10.0194,11.0725,11.4222,11.9848,13.0101,13.4061,14.4963,15.355,16.5748,16.5264,16.7095,16.291,16.437,15.5094,13.6284,12.1268,10.6346,9.5588,8.2425,7.3056,6.6278,6.1074,5.9666,5.8442,5.7681,5.692,5.6159,5.5398,5.4637,5.3876,5.3115,5.2354,5.1594,5.0833
9.5559,9.4515,9.2624,9.0733,9.0255,9.1283,8.7885,8.9008,8.8341,8.9464,8.9268,9.1239,9.2268,9.471,9.9883,10.0347,10.8158,11.5969,12.6511,13.0083,13.6481,14.3068,14.6169,15.577,15.3784,16.216,16.0834,16.4783,15.8841,14.1314,12.6894,11.2004,10.2954,9.1831,7.9955,7.0811,6.5811,6.1094,5.9202,5.8536,5.7681,5.692,5.6159,5.5398,5.4637,5.3876,5.3115,5.2354,5.1593,5.0832
9.6203,9.4576,9.4008,9.2284,9.3159,9.3072,9.2215,9.2416,9.3772,9.3492,9.6196,10.015,10.0929,10.3921,10.9704,11.5198,11.7131,12.3395,12.4655,13.3325,13.7375,14.5564,14.9711,15.3088,16.4067,15.5896,15.6579,15.4374,14.3028,13.3606,12.3607,10.6968,9.5237,8.6393,7.5335,6.7646,6.3805,6.1408,5.9396,5.8443,5.7682,5.6921,5.616,5.5399,5.4638,5.3877,5.3116,5.2356,5.1595,5.0834
9.7255,9.5409,9.4105,9.3073,9.2584,8.9652,8.8167,8.6864,8.6284,8.4889,8.4219,8.382,8.2697,8.5464,8.6331,8.7922,8.9693,9.2641,9.8211,10.2064,11.08,11.7094,12.1851,13.1853,14.8459,14.7698,16.1047,17.1593,17.1194,17.179,16.4064,14.8198,13.5316,11.9812,10.3041,8.9436,7.764,6.6387,6.0561,5.8534,5.7682,5.6921,5.616,5.5399,5.4638,5.3878,5.3117,5.2356,5.1595,5.0834
9.63,9.663,9.2688,9.1654,9.1348,8.7951,8.8644,8.6247,8.6668,8.4816,8.5691,8.3567,8.3169,8.6317,8.9284,8.9341,9.3943,9.7728,10.333,10.8569,11.5535,12.1774,13.3376,14.3069,15.1398,16.2546,17.233,17.0024,17.3899,16.7229,15.2105,13.6072,12.4403,10.837,9.4246,8.1213,7.0816,6.2964,5.9749,5.8443,5.7682,5.6921,5.616,5.5399,5.4638,5.3877,5.3116,5.2355,5.1594,5.0833
9.4826,9.4524,9.312,9.1808,8.9485,8.9919,8.8882,8.6835,8.6625,8.5772,8.4828,8.5812,8.6337,8.8057,9.0603,9.1037,9.6614,9.7507,10.1983,11.4451,12.1131,12.4963,13.6972,15.0542,15.4191,16.5924,16.4887,17.0649,17.1633,16.3799,14.9441,13.536,11.99,10.7013,9.0634,7.9401,6.9269,6.3088,5.9571,5.8443,5.7866,5.6921,5.616,5.5399,5.4638,5.3877,5.3116,5.2355,5.1594,5.0834
9.6483,9.5446,9.1377,9.08,8.9947,8.8635,8.7598,8.6469,8.6352,8.5591,8.5749,8.5723,8.6525,8.8705,8.9782,9.4076,9.7083,10.2112,10.8336,11.5571,12.1519,13.0867,14.3341,14.4142,15.5512,17.0467,16.7592,17.786,16.46,15.6763,14.6168,12.9599,11.4777,10.2344,8.6878,7.61,6.7343,6.2538,6.0215,5.8443,5.7682,5.6921,5.616,5.5399,5.4638,5.3878,5.3117,5.2356,5.1595,5.0834
9.5999,9.3624,9.2579,9.1058,8.9918,8.9346,8.8396,8.792,8.6019,8.6587,8.801,8.9242,9.1519,9.3796,9.4934,10.1008,10.3759,11.2681,11.9325,12.331,13.1378,13.5838,14.8652,15.2163,16.3458,16.583,16.2411,16.9149,15.5383,14.5793,13.4875,12.0729,10.5729,9.6329,8.2563,7.3828,6.6327,6.1674,5.9584,5.8443,5.7682,5.6921,5.616,5.5399,5.4639,5.3878,5.3117,5.2356,5.1595,5.0834
9.5325,9.3892,9.3611,9.064,9.0648,8.9887,9.0087,9.0095,9.0102,9.0879,9.2039,9.3968,9.5225,9.8211,10.2542,10.8795,10.9475,11.419,12.7744,12.9482,14.0826,14.3812,15.458,15.4108,15.6709,16.2674,15.903,15.5291,15.1264,13.8589,12.8509,11.6411,10.2872,8.991,7.7428,7.023,6.4088,6.1118,5.9204,5.8539,5.7682,5.6921,5.616,5.5399,5.4638,5.3877,5.3116,5.2355,5.1594,5.0834
9.6917,9.7046,9.4407,9.3547,9.4763,9.2915,9.4131,9.3271,9.5278,9.7186,9.8699,10.0212,10.5877,10.7192,11.6118,11.3677,11.7068,12.2732,12.9386,13.5347,14.5361,14.4798,14.9177,15.5633,15.8134,15.6088,15.3547,14.5471,13.868,13.2087,11.4224,10.9311,9.4118,8.7327,7.6087,6.8308,6.3691,6.1645,5.9599,5.8443,5.7682,5.6921,5.616,5.5399,5.4638,5.3877,5.3116,5.2355,5.1594,5.0834
9.7648,9.4999,9.3429,9.4286,9.011,8.9259,8.7779,8.6299,8.6437,8.5136,8.4735,8.3974,8.4022,8.4789,8.4568,8.8481,9.0686,9.379,9.8602,10.1257,10.8945,11.888,12.4501,13.7313,14.3563,15.26,16.4333,16.9864,17.3687,16.8432,15.8413,14.8304,13.424,12.0895,10.4134,8.6565,7.4748,6.6886,6.0732,5.8803,5.7682,5.6921,5.616,5.5399,5.4638,5.3878,5.3117,5.2356,5.1595,5.0834
9.6491,9.2637,9.3787,9.2389,8.9808,8.9411,8.7831,8.5614,8.5217,8.4456,8.3695,8.4845,8.4994,8.7873,8.7203,8.9354,9.4599,9.9024,10.5725,11.1516,11.7397,12.6373,12.8887,14.2777,14.5109,16.3093,16.4516,17.513,16.9455,16.4963,15.21,14.0329,12.874,10.8779,9.355,8.0414,7.1463,6.224,5.9841,5.8443,5.7682,5.6921,5.616,5.5399,5.4639,5.3878,5.3117,5.2356,5.1595,5.0834
9.4667,9.3906,9.4221,9.1846,8.956,8.8979,8.7142,8.665,8.6427,8.5397,8.5084,8.6028,8.6702,8.8452,8.9395,9.0069,9.747,10.1552,10.8325,10.9178,11.7655,12.8912,13.7478,14.7659,15.5867,16.4972,17.2821,16.9459,16.4931,15.843,14.9866,13.3769,11.8568,10.4175,9.0768,7.7362,6.9515,6.2028,5.9563,5.8443,5.7682,5.6921,5.616,5.5399,5.4638,5.3878,5.3117,5.2356,5.1595,5.0834
9.5131,9.5016,9.1948,9.0911,8.9227,8.8005,8.7797,8.6852,8.7014,8.6068,8.6046,8.6484,8.7846,8.9946,9.0292,9.7745,10.2244,10.3698,11.0504,11.6849,12.4578,13.526,14.0036,15.1733,15.5679,16.5623,17.1137,16.7515,16.4171,15.815,14.1147,12.9404,11.1294,9.8629,8.6148,7.4867,6.8015,6.2271,5.9572,5.8442,5.7681,5.692,5.6159,5.5398,5.4637,5.3876,5.3115,5.2354,5.1594,5.0833
9.6518,9.3492,9.2071,9.2536,8.9511,8.9127,8.8272,8.7605,8.7599,8.8914,8.9286,8.994,9.1255,9.3702,9.7848,9.9824,10.6612,11.255,12.2452,12.5937,13.5179,13.8475,15.1019,15.3844,16.0349,16.2796,16.7413,15.9481,15.7965,14.6919,13.1061,12.0297,10.3684,9.1222,7.81,7.1395,6.5255,6.1097,5.9298,5.8443,5.7682,5.6921,5.616,5.5399,5.4638,5.3877,5.3116,5.2355,5.1595,5.0834
9.5719,9.438,9.333,9.2762,9.1616,9.0855,9.0865,8.9044,9.021,9.0509,9.2542,9.3129,9.8341,9.9989,10.26,10.4921,11.3023,11.8139,12.8167,12.7696,14.0229,14.1587,15.1134,15.7984,16.3099,15.9256,15.5412,15.6963,14.6569,13.8005,12.106,10.9317,9.979,8.8625,7.9098,6.9956,6.4475,6.1595,5.9293,5.8435,5.7675,5.6914,5.6153,5.5392,5.4631,5.387,5.311,5.2349,5.1588,5.0827
9.7107,9.5847,9.5385,9.5323,9.5461,9.5,9.5836,9.5575,9.8409,9.8147,9.8984,10.1518,10.3553,11.148,11.2616,11.8646,12.5274,12.6211,12.9844,13.8969,14.3101,14.3938,15.3862,15.2601,15.194,15.4574,14.952,14.6162,13.6215,12.3371,11.2724,10.3575,9.2029,7.9485,7.6128,6.7278,6.3322,6.0664,5.9504,5.8443,5.7682,5.6921,5.616,5.5399,5.4638,5.3877,5.3116,5.2355,5.1595,5.0834
10.4786,10.2704,10.1872,9.9289,9.8624,9.7625,9.6126,9.5544,9.3295,9.1212,9.188,9.0548,9.1883,9.1551,9.1969,9.4138,9.3889,9.8141,10.2643,10.7396,11.6399,11.8067,12.9487,13.749,13.8908,15.3746,16.0249,16.3834,17.1337,16.592,15.642,14.7669,13.3585,12.5084,10.6332,9.3831,8.1246,7.0579,6.6329,6.3914,6.3081,6.2249,6.1417,6.0585,5.9753,5.8921,5.8088,5.7256,5.6424,5.5592
10.5228,10.3007,10.1845,10.0845,9.8787,9.6647,9.5647,9.5382,9.316,9.3139,9.0673,9.2526,9.1934,9.2483,9.3848,9.5212,9.9265,10.3889,10.5416,11.1507,11.9065,12.4504,13.3528,14.1575,14.9785,15.6039,16.0255,17.0258,17.26,17.1275,15.1939,13.7656,12.1418,10.9661,9.6519,8.4926,7.5533,6.8829,6.62,6.4223,6.3387,6.2551,6.1714,6.0878,6.0042,5.9206,5.837,5.7533,5.6697,5.5861
10.157,10.1923,9.9011,9.702,9.7288,9.3791,9.3808,9.2403,9.1417,9.0597,9.1285,9.1805,9.1571,9.1171,9.5541,9.5224,9.8423,10.1454,10.8001,11.0112,12.0091,13.2664,13.3938,14.1657,15.2724,15.8601,17.1928,16.7259,16.3928,15.884,14.6469,13.6777,12.7922,10.718,9.4642,8.3862,7.4253,6.7658,6.4076,6.2922,6.2103,6.1284,6.0465,5.9645,5.8826,5.8007,5.7188,5.6368,5.5549,5.473
10.5009,10.0336,10.0334,9.9664,9.7243,9.6657,9.6405,9.3817,9.3482,9.2896,9.2643,9.3392,9.3974,9.4555,9.5888,9.697,10.2473,10.514,11.1226,11.748,12.3734,13.374,13.8576,14.9667,15.0666,16.0506,16.9012,16.8342,16.3336,15.4159,14.665,13.0717,11.495,10.3104,9.2259,8.2415,7.257,6.748,6.531,6.4223,6.3387,6.2551,6.1715,6.0878,6.0042,5.9206,5.837,5.7534,5.6697,5.5861
10.0126,9.8181,9.6503,9.4381,9.3412,9.1557,9.0677,9.0596,9.0071,9.0433,9.0263,9.1069,9.2053,9.5964,9.5883,10.0505,10.2198,11.2232,11.5522,12.0854,13.0621,13.4356,14.4744,15.2915,16.4546,16.4021,16.5715,16.1641,16.2979,15.4025,13.5932,12.1476,10.7109,9.6736,8.4055,7.5012,6.8453,6.3403,6.1991,6.0756,5.9965,5.9174,5.8383,5.7592,5.6801,5.601,5.5219,5.4428,5.3637,5.2846
10.3462,10.2374,10.0531,9.8688,9.8104,9.8861,9.5677,9.6518,9.5766,9.6607,9.6274,9.7871,9.8628,10.0644,10.5093,10.5347,11.2144,11.8941,12.8171,13.1193,13.6732,14.2439,14.5042,15.3433,15.1506,15.8807,15.7467,16.0825,15.5376,13.9608,12.6609,11.319,10.4972,9.4909,8.4174,7.5873,7.1262,6.6902,6.506,6.4307,6.3387,6.2551,6.1715,6.0879,6.0042,5.9206,5.837,5.7534,5.6698,5.5861
10.1042,9.9428,9.88,9.7097,9.7811,9.763,9.6733,9.6821,9.7983,9.7623,10.0038,10.3616,10.4241,10.6925,11.2204,11.7215,11.8914,12.4642,12.5714,13.3679,13.7347,14.4865,14.8623,15.1664,16.1778,15.4078,15.4613,15.2462,14.1808,13.2944,12.3542,10.7964,9.6952,8.8625,7.8239,7.0986,6.7313,6.4984,6.3013,6.2026,6.1219,6.0411,5.9603,5.8796,5.7988,5.7181,5.6373,5.5565,5.4758,5.395
10.5067,10.3253,10.1928,10.0847,10.0255,9.7463,9.5975,9.4649,9.3976,9.2569,9.1815,9.1305,9.0142,9.2485,9.3116,9.4399,9.5845,9.8351,10.3221,10.6542,11.4264,11.9786,12.3922,13.2785,14.7599,14.6763,15.8643,16.7995,16.7485,16.7872,16.0759,14.6311,13.4552,12.0429,10.5166,9.2755,8.1974,7.1683,6.6282,6.4305,6.3387,6.2551,6.1715,6.0878,6.0042,5.9206,5.837,5.7534,5.6697,5.5861
10.2475,10.2661,9.8908,9.7836,9.7436,9.4185,9.4707,9.2378,9.2648,9.0822,9.1511,8.9434,8.895,9.1734,9.4351,9.4286,9.8411,10.1782,10.683,11.1542,11.7846,12.3481,13.406,14.2879,15.0441,16.0601,16.9504,16.726,17.0715,16.4447,15.0384,13.5483,12.4605,10.9704,9.6563,8.4428,7.4724,6.7366,6.4283,6.2961,6.2141,6.1321,6.0502,5.9682,5.8862,5.8042,5.7222,5.6403,5.5583,5.4763
9.8528,9.817,9.6761,9.544,9.3155,9.3498,9.244,9.0418,9.0148,8.9265,8.8294,8.9163,8.9594,9.1164,9.3522,9.3865,9.9115,9.9896,10.4095,11.5915,12.2216,12.5801,13.7183,15.0055,15.3465,16.4584,16.3526,16.8951,16.982,16.2278,14.8516,13.5017,12.0203,10.7843,9.2154,8.1371,7.1639,6.5674,6.225,6.1104,6.0484,5.9513,5.8717,5.7922,5.7126,5.6331,5.5535,5.4739,5.3944,5.3148
10.4349,10.3265,9.9456,9.8785,9.7866,9.6534,9.5451,9.4284,9.4026,9.319,9.3179,9.3004,9.3572,9.5378,9.6194,9.99,10.2449,10.6816,11.2256,11.8605,12.3797,13.2046,14.3102,14.3669,15.3734,16.702,16.4284,17.3358,16.1291,15.4095,14.4423,12.9382,11.591,10.4586,9.0536,8.0698,7.2677,6.8207,6.5967,6.4223,6.3386,6.255,6.1714,6.0878,6.0042,5.9205,5.8369,5.7533,5.6697,5.5861
10.3881,10.1602,10.0511,9.8995,9.782,9.7153,9.6147,9.5566,9.3711,9.4063,9.5179,9.6126,9.8006,9.9886,10.0748,10.6024,10.8329,11.6151,12.1937,12.5345,13.2404,13.6237,14.754,15.0524,16.0469,16.2434,15.9221,16.5091,15.2625,14.3894,13.3974,12.1168,10.7598,9.9037,8.6571,7.8604,7.174,6.7424,6.5399,6.4223,6.3387,6.2551,6.1715,6.0878,6.0042,5.9206,5.837,5.7534,5.6697,5.5861
10.3262,10.1826,10.1419,9.8611,9.8461,9.7625,9.7645,9.7495,9.7344,9.7879,9.8757,10.032,10.1284,10.379,10.7496,11.2916,11.3365,11.7414,12.9347,13.0739,14.0701,14.3207,15.2655,15.2075,15.4239,15.9402,15.5994,15.2501,14.8751,13.7289,12.8139,11.7191,10.4956,9.3236,8.1945,7.5367,6.9731,6.6924,6.5059,6.4309,6.3387,6.2551,6.1715,6.0878,6.0042,5.9206,5.837,5.7534,5.6697,5.5861
10.4641,10.4594,10.2091,10.1167,10.2085,10.0284,10.1202,10.0278,10.1898,10.343,10.4611,10.5792,11.0657,11.1662,11.9422,11.7094,11.9942,12.4807,13.0548,13.5676,14.44,14.3739,14.7464,15.303,15.5088,15.3112,15.0697,14.3371,13.7184,13.1173,11.5164,11.0644,9.7003,9.0816,8.0683,7.362,6.9363,6.7387,6.541,6.4223,6.3387,6.2551,6.1715,6.0878,6.0042,5.9206,5.837,5.7534,5.6697,5.5861
10.5423,10.2885,10.132,10.1942,9.8027,9.711,9.5625,9.4141,9.4115,9.2793,9.2281,9.1444,9.1337,9.1879,9.1529,9.4905,9.6743,9.939,10.3578,10.582,11.26,12.1405,12.6321,13.7719,14.3202,15.1197,16.1623,16.6458,16.9754,16.4867,15.5686,14.6423,13.3596,12.1417,10.6159,9.0172,7.9371,7.2134,6.6437,6.4547,6.3387,6.2551,6.1714,6.0878,6.0042,5.9206,5.837,5.7534,5.6697,5.5861
10.2342,9.8663,9.9614,9.8208,9.5707,9.5227,9.3652,9.1488,9.1008,9.0191,8.9374,9.0326,9.0351,9.2902,9.2169,9.4047,9.8788,10.277,10.8858,11.4104,11.9434,12.7627,12.9842,14.2581,14.4628,16.1157,16.2361,17.2069,16.6705,16.2436,15.042,13.9415,12.8578,10.9994,9.5788,8.352,7.5125,6.6477,6.4144,6.2738,6.1921,6.1104,6.0287,5.9471,5.8654,5.7837,5.702,5.6203,5.5386,5.4569
10.0527,9.9711,9.9892,9.7581,9.5353,9.4704,9.2891,9.2325,9.2007,9.0943,9.0542,9.1304,9.1818,9.3327,9.409,9.4603,10.1345,10.5014,11.1175,11.1854,11.9593,12.9907,13.7729,14.7046,15.4535,16.2856,17.0013,16.6789,16.2485,15.6354,14.8312,13.3294,11.9107,10.5667,9.314,8.0614,7.3237,6.6192,6.3798,6.265,6.1835,6.1019,6.0203,5.9388,5.8572,5.7756,5.694,5.6125,5.5309,5.4493
10.3128,10.2871,9.9965,9.8881,9.7216,9.5966,9.5627,9.4625,9.4617,9.3615,9.3441,9.3681,9.475,9.648,9.6638,10.3171,10.7055,10.8206,11.4159,11.9699,12.6481,13.5912,14.0044,15.0386,15.3773,16.2542,16.7336,16.3933,16.0779,15.5223,13.9813,12.9123,11.272,10.1202,8.985,7.9575,7.3273,6.7966,6.5391,6.4223,6.3387,6.2551,6.1715,6.0878,6.0042,5.9206,5.837,5.7534,5.6698,5.5861
9.9446,9.6481,9.5057,9.5447,9.2482,9.2056,9.1176,9.0477,9.0414,9.1619,9.1918,9.2488,9.3693,9.5986,9.9911,10.1751,10.8214,11.3861,12.3315,12.6605,13.5425,13.8534,15.0527,15.3182,15.9373,16.1666,16.6044,15.8366,15.6852,14.6182,13.0889,12.0491,10.4472,9.2443,7.9778,7.3278,6.7322,6.327,6.1484,6.0604,5.9815,5.9026,5.8237,5.7448,5.6659,5.587,5.508,5.4291,5.3502,5.2713
10.2085,10.0737,9.9652,9.9006,9.7833,9.7011,9.6891,9.5105,9.6038,9.6181,9.7903,9.831,10.2927,10.4299,10.6548,10.8533,11.5783,12.0312,12.9316,12.8758,14.0042,14.1151,14.9716,15.5825,16.0354,15.6725,15.3096,15.438,14.4786,13.6858,12.1298,11.0476,10.1671,9.1374,8.2569,7.4115,6.8995,6.6243,6.4018,6.3109,6.2287,6.1465,6.0643,5.9822,5.9,5.8178,5.7357,5.6535,5.5713,5.4892
10.4777,10.35,10.2928,10.271,10.2668,10.2096,10.2672,10.2277,10.4618,10.4223,10.4798,10.6874,10.8509,11.535,11.6191,12.1355,12.7049,12.7713,13.076,13.866,14.2148,14.2723,15.133,15.0052,14.9304,15.1468,14.6838,14.3707,13.4752,12.3238,11.3666,10.5417,9.505,8.3801,8.067,7.2686,6.9026,6.6513,6.5324,6.4223,6.3387,6.2551,6.1715,6.0878,6.0042,5.9206,5.837,5.7534,5.6697,5.5861
10.4817,10.2733,10.1901,9.9318,9.8652,9.7653,9.6153,9.5571,9.3321,9.1238,9.1907,9.0574,9.1909,9.1577,9.1996,9.4165,9.3916,9.817,10.2674,10.7428,11.6435,11.8104,12.9528,13.7534,13.8953,15.3796,16.0301,16.3888,17.1394,16.5975,15.6471,14.7718,13.3628,12.5124,10.6365,9.386,8.127,7.0599,6.6348,6.3932,6.3099,6.2267,6.1434,6.0602,5.977,5.8937,5.8105,5.7272,5.644,5.5608
10.4493,10.2264,10.1105,10.0112,9.8047,9.59,9.4906,9.4654,9.2425,9.2419,8.9943,9.1832,9.125,9.1821,9.3216,9.461,9.8723,10.3412,10.4972,11.1144,11.8798,12.4311,13.3448,14.1596,14.991,15.6246,16.0524,17.0649,17.3032,17.1709,15.2183,13.7764,12.1368,10.9503,9.6237,8.4536,7.5058,6.8299,6.5658,6.3676,6.2847,6.2018,6.1189,6.036,5.9531,5.8701,5.7872,5.7043,5.6214,5.5385
10.1615,10.1967,9.9055,9.7064,9.7332,9.3834,9.3851,9.2446,9.1459,9.0639,9.1326,9.1846,9.1612,9.1211,9.5581,9.5263,9.8461,10.1492,10.8038,11.0148,12.0126,13.2699,13.3972,14.169,15.2756,15.8632,17.1959,16.7289,16.3958,15.8869,14.6499,13.6807,12.7952,10.7211,9.4673,8.3892,7.4284,6.7689,6.4107,6.2952,6.2133,6.1313,6.0494,5.9674,5.8854,5.8035,5.7215,5.6395,5.5576,5.4756
10.3179,9.8422,9.8459,9.7812,9.5367,9.4805,9.4586,9.1969,9.1665,9.1103,9.0884,9.1692,9.2329,9.2966,9.4374,9.5525,10.1214,10.3991,11.028,11.6739,12.3199,13.3511,13.8515,14.9941,15.1006,16.1147,16.9919,16.9271,16.4172,15.4791,14.7122,13.0806,11.4661,10.254,9.1446,8.1381,7.1315,6.6129,6.3941,6.2866,6.2047,6.1228,6.041,5.9591,5.8773,5.7954,5.7136,5.6317,5.5499,5.468
10.0102,9.8157,9.6479,9.4356,9.3388,9.1532,9.0652,9.0572,9.0047,9.041,9.0241,9.1048,9.2033,9.5947,9.5866,10.049,10.2185,11.2224,11.5517,12.0851,13.0624,13.436,14.4754,15.2929,16.4566,16.4042,16.5737,16.1661,16.3001,15.4043,13.5942,12.1481,10.7108,9.673,8.4044,7.4998,6.8437,6.3385,6.1973,6.0738,5.9947,5.9157,5.8366,5.7575,5.6784,5.5993,5.5202,5.4412,5.3621,5.283
10.0352,9.9282,9.742,9.5558,9.5016,9.588,9.2611,9.3563,9.2844,9.3796,9.3517,9.5261,9.6125,9.8308,10.3041,10.3377,11.0572,11.7767,12.7512,13.0751,13.6627,14.2679,14.5477,15.4343,15.2393,16.0116,15.8781,16.2371,15.6729,14.0271,12.6714,11.2718,10.4174,9.3695,8.2513,7.388,6.9117,6.4617,6.2756,6.2037,6.1142,6.0336,5.9529,5.8723,5.7916,5.7109,5.6303,5.5496,5.469,5.3883
10.1091,9.9477,9.8848,9.7145,9.7859,9.7678,9.678,9.6867,9.8029,9.7668,10.0083,10.3662,10.4286,10.6969,11.2248,11.7259,11.8958,12.4685,12.5757,13.3722,13.739,14.4907,14.8665,15.1706,16.1819,15.4118,15.4653,15.2502,14.1847,13.2982,12.358,10.8001,9.6988,8.866,7.8274,7.102,6.7348,6.5018,6.3046,6.2059,6.1251,6.0443,5.9635,5.8827,5.8019,5.7211,5.6403,5.5595,5.4787,5.3979
10.6686,10.4878,10.3548,10.2458,10.1845,9.908,9.7591,9.6261,9.5569,9.4159,9.3387,9.2854,9.1683,9.394,9.4523,9.5743,9.7123,9.9539,10.4266,10.7479,11.4995,12.036,12.437,13.3002,14.7453,14.6601,15.8182,16.7292,16.6759,16.7103,16.0115,14.5953,13.4422,12.0579,10.5621,9.3452,8.2877,7.278,6.7466,6.5498,6.4567,6.3715,6.2863,6.2011,6.116,6.0308,5.9456,5.8604,5.7753,5.6901
10.2453,10.2639,9.8886,9.7815,9.7414,9.4164,9.4685,9.2357,9.2627,9.0802,9.1491,8.9414,8.893,9.1714,9.4331,9.4266,9.8392,10.1763,10.6811,11.1524,11.7829,12.3463,13.4043,14.2862,15.0425,16.0585,16.9489,16.7244,17.0699,16.4432,15.0369,13.5468,12.459,10.9689,9.6548,8.4413,7.4708,6.7351,6.4268,6.2946,6.2126,6.1307,6.0487,5.9668,5.8848,5.8028,5.7209,5.6389,5.557,5.475
9.8565,9.8208,9.6798,9.5477,9.3191,9.3534,9.2476,9.0453,9.0183,8.9299,8.8328,8.9197,8.9628,9.1198,9.3556,9.3899,9.9149,9.993,10.4128,11.5949,12.225,12.5835,13.7218,15.009,15.35,16.462,16.3561,16.8986,16.9855,16.2313,14.8549,13.5049,12.0234,10.7873,9.2182,8.1398,7.1665,6.57,6.2275,6.1129,6.0508,5.9537,5.8741,5.7945,5.7149,5.6353,5.5558,5.4762,5.3966,5.317
10.0851,9.9788,9.5864,9.5234,9.4345,9.3022,9.1959,9.081,9.0614,8.9811,8.9875,8.9766,9.0438,9.241,9.3341,9.7307,10.006,10.4719,11.0507,11.7247,12.2774,13.151,14.3193,14.3864,15.4507,16.8531,16.5734,17.5337,16.2742,15.5262,14.5182,12.9465,11.5396,10.3581,8.8905,7.8651,7.0305,6.5687,6.341,6.1654,6.0851,6.0048,5.9245,5.8443,5.764,5.6837,5.6034,5.5232,5.4429,5.3626
9.7847,9.5496,9.444,9.2921,9.1772,9.1179,9.0215,8.9714,8.7825,8.8342,8.9691,9.0855,9.3036,9.5218,9.6289,10.2171,10.4815,11.3472,11.9908,12.3755,13.1579,13.5888,14.8337,15.1722,16.2691,16.4965,16.1596,16.8125,15.4674,14.5292,13.4616,12.0794,10.614,9.6943,8.3491,7.4942,6.7596,6.3025,6.0951,5.9802,5.9024,5.8245,5.7466,5.6688,5.5909,5.5131,5.4352,5.3573,5.2795,5.2016
9.6017,9.4583,9.4291,9.1333,9.1328,9.056,9.0745,9.074,9.0734,9.149,9.2628,9.4527,9.5759,9.8706,10.2985,10.917,10.9831,11.4492,12.7914,12.9622,14.0854,14.3801,15.4461,15.398,15.6545,16.2444,15.882,15.51,15.1095,13.8518,12.8513,11.6509,10.3075,9.0213,7.7827,7.0679,6.4579,6.1621,5.9711,5.9039,5.8176,5.7409,5.6641,5.5874,5.5106,5.4339,5.3571,5.2804,5.2036,5.1269
10.2444,10.2448,9.9905,9.9,10.0004,9.8189,9.9193,9.8287,10.0019,10.166,10.2937,10.4214,10.9311,11.0406,11.8505,11.6144,11.9149,12.4246,13.0252,13.5622,14.4721,14.4088,14.8003,15.3827,15.6014,15.4017,15.1565,14.402,13.7657,13.1476,11.4927,11.0293,9.62,8.9837,7.9382,7.2109,6.7748,6.5751,6.3754,6.2575,6.176,6.0946,6.0131,5.9316,5.8501,5.7687,5.6872,5.6057,5.5242,5.4428
10.6547,10.4026,10.2462,10.305,9.9174,9.8247,9.6762,9.5277,9.5227,9.3902,9.3374,9.2527,9.2397,9.2905,9.2536,9.5833,9.7617,10.0197,10.4292,10.6473,11.3119,12.1757,12.6569,13.7757,14.3127,15.0968,16.12,16.5932,16.915,16.4318,15.5261,14.6125,13.3481,12.1475,10.644,9.0688,8.0037,7.2893,6.7263,6.538,6.4214,6.3367,6.252,6.1673,6.0826,5.9979,5.9132,5.8284,5.7437,5.659
10.2289,9.8606,9.956,9.8154,9.5651,9.5172,9.3597,9.1432,9.0953,9.0137,8.932,9.0274,9.0301,9.2857,9.2125,9.4006,9.8753,10.2742,10.8838,11.4092,11.9429,12.7633,12.9851,14.2607,14.4657,16.1207,16.2414,17.2135,16.6766,16.2494,15.0465,13.9449,12.8601,10.9997,9.5777,8.3496,7.5093,6.6437,6.4103,6.2697,6.188,6.1064,6.0248,5.9431,5.8615,5.7799,5.6982,5.6166,5.535,5.4533
10.0517,9.9701,9.9882,9.7571,9.5344,9.4694,9.2882,9.2315,9.1998,9.0933,9.0533,9.1296,9.1809,9.332,9.4082,9.4596,10.134,10.501,11.1173,11.1853,11.9594,12.991,13.7734,14.7053,15.4545,16.2868,17.0027,16.6802,16.2498,15.6365,14.8322,13.3301,11.9111,10.5668,9.3139,8.061,7.3231,6.6185,6.3791,6.2643,6.1827,6.1012,6.0196,5.9381,5.8565,5.7749,5.6934,5.6118,5.5302,5.4487
9.868,9.8503,9.5504,9.4446,9.277,9.1535,9.1269,9.0299,9.0386,8.9416,8.9327,8.9679,9.0912,9.2851,9.3115,10.0168,10.4399,10.5721,11.2156,11.8151,12.5468,13.5607,14.0103,15.1211,15.4913,16.4347,16.9548,16.602,16.2757,15.6938,14.0626,12.9339,11.1969,9.9801,8.781,7.6964,7.0351,6.4796,6.215,6.1003,6.0209,5.9414,5.862,5.7826,5.7031,5.6237,5.5443,5.4649,5.3854,5.306
9.9442,9.6476,9.5053,9.5442,9.2477,9.2051,9.1171,9.0473,9.0409,9.1615,9.1914,9.2485,9.3691,9.5985,9.9911,10.1752,10.8217,11.3866,12.3323,12.6614,13.5437,13.8547,15.0543,15.32,15.9393,16.1687,16.6066,15.8386,15.6872,14.6199,13.0902,12.0501,10.4479,9.2446,7.9778,7.3277,6.7319,6.3266,6.1479,6.06,5.9811,5.9022,5.8233,5.7444,5.6655,5.5866,5.5077,5.4288,5.3499,5.271
10.2093,10.0745,9.966,9.9013,9.7841,9.7019,9.6899,9.5112,9.6045,9.6188,9.791,9.8316,10.2933,10.4304,10.6553,10.8538,11.5786,12.0315,12.9318,12.8759,14.0043,14.1151,14.9715,15.5823,16.0352,15.6723,15.3095,15.4378,14.4784,13.6857,12.1299,11.0477,10.1673,9.1378,8.2574,7.412,6.9001,6.6249,6.4024,6.3114,6.2292,6.1471,6.0649,5.9827,5.9005,5.8184,5.7362,5.654,5.5718,5.4897
11.1263,10.997,10.9306,10.8957,10.8765,10.8101,10.846,10.7953,10.9885,10.9378,10.9737,11.1432,11.2735,11.8677,11.9271,12.3719,12.8639,12.9076,13.1637,13.8523,14.1477,14.1835,14.935,14.8057,14.7236,14.9011,14.4729,14.1785,13.365,12.3235,11.455,10.7044,9.7651,8.7472,8.4527,7.7258,7.3842,7.1448,7.0233,6.9098,6.8198,6.7299,6.6399,6.5499,6.4599,6.37,6.28,6.1901,6.1001,6.0101
9.8,9.5154,9.4846,9.2091,9.1784,8.9663,8.8449,8.66,8.7199,8.4081,8.3774,8.3285,8.343,8.4754,8.4899,8.713,9.0447,9.0502,9.4092,10.1942,10.6982,11.5195,12.1051,12.7994,14.0376,15.0855,15.7889,16.8277,17.1414,16.9384,16.4997,15.0368,13.9818,12.7727,11.0288,9.6021,8.0848,7.0389,6.2105,5.8806,5.7682,5.6921,5.616,5.5399,5.4638,5.3878,5.3117,5.2356,5.1595,5.0834
9.7155,9.5129,9.3374,9.1891,9.0317,8.9646,8.6536,8.7311,8.5375,8.5699,8.4034,8.3544,8.441,8.4643,8.605,8.7187,9.1305,9.6055,9.8638,10.3659,11.3108,11.831,12.7488,13.8383,14.7109,16.3877,16.0224,16.4433,17.4063,17.0501,16.1969,14.368,13.4516,11.5323,10.0738,8.5159,7.4008,6.5206,6.074,5.8624,5.7682,5.6921,5.616,5.5399,5.4638,5.3878,5.3117,5.2356,5.1595,5.0834
9.6379,9.469,9.3186,9.2797,9.0737,8.9048,8.7915,8.7155,8.695,8.5447,8.4501,8.5503,8.6598,8.7136,8.8417,9.1089,9.3391,9.6064,10.1891,11.2359,11.4104,12.1138,12.7894,13.6506,14.5953,16.3938,16.8188,17.0397,17.4925,16.7019,15.7256,14.2297,12.5853,11.4791,9.7604,8.348,7.2419,6.4141,6.0503,5.8536,5.7682,5.6921,5.616,5.5399,5.4638,5.3877,5.3116,5.2355,5.1595,5.0834
9.5087,9.4698,9.2357,9.1967,8.9719,8.9237,8.8476,8.6321,8.6118,8.4427,8.6083,8.4858,8.5863,8.91,8.806,9.2599,9.723,10.1211,10.4912,10.8521,11.9288,12.8568,13.5059,14.5269,15.3154,16.5967,16.9389,16.9558,17.0657,15.3533,15.4074,13.7787,12.4568,10.7444,9.3296,7.9426,7.0298,6.3122,5.9851,5.8532,5.7679,5.6918,5.6157,5.5396,5.4635,5.3874,5.3113,5.2352,5.1591,5.083
9.5498,9.539,9.2668,9.2281,9.0212,8.9545,8.9438,8.6995,8.8102,8.5941,8.7141,8.7127,8.9355,9.1396,9.1663,9.8,10.2656,10.339,11.4771,11.6812,12.4643,13.4997,13.984,14.8792,16.3256,16.511,16.9859,16.5362,16.1893,15.4127,13.7862,12.6173,11.3551,10.1675,8.8866,7.7364,6.7263,6.2486,5.9857,5.8443,5.7682,5.6921,5.616,5.5399,5.4638,5.3877,5.3116,5.2355,5.1594,5.0833
9.6573,9.5527,9.3436,9.125,9.1344,8.9919,8.8683,8.8777,8.9155,8.9534,8.6589,9.0007,8.8961,9.5798,9.6937,10.2159,10.6052,11.1939,11.5927,12.3999,13.0076,13.7578,14.641,15.4672,16.3788,16.0463,16.4261,16.35,15.9035,15.1816,13.5099,12.2656,10.8598,9.891,8.2573,7.4688,6.8514,6.2054,6.0249,5.8538,5.7682,5.6921,5.616,5.5399,5.4638,5.3877,5.3116,5.2356,5.1595,5.0834
9.6566,9.4135,9.3767,9.3399,9.0674,9.227,9.092,9.2319,9.4407,9.2565,9.3867,9.8017,10.0791,9.9932,10.5555,11.0982,11.5524,12.0951,12.9913,13.5143,14.3025,14.0692,15.3288,14.9679,15.8052,15.5818,15.8887,15.626,14.3124,13.2935,12.6772,10.8628,9.6572,8.8151,7.8944,7.1308,6.544,6.1831,5.94,5.8443,5.7682,5.6921,5.616,5.5399,5.4638,5.3877,5.3116,5.2355,5.1594,5.0834
9.5656,9.7318,9.548,9.2297,9.1356,9.0057,8.9207,8.7638,8.598,8.504,8.392,8.3159,8.3923,8.4687,8.4644,8.6395,8.7967,9.0346,9.2815,10.0668,10.4931,11.4308,12.0725,12.7411,13.7865,15.0113,16.0926,16.6625,16.9273,17.5241,16.497,15.2456,13.6981,12.7607,11.1504,9.576,7.876,7.0731,6.2165,5.8802,5.7772,5.6921,5.616,5.5399,5.4638,5.3878,5.3117,5.2356,5.1595,5.0834
9.6561,9.5433,9.5406,9.281,9.0764,8.9361,8.7683,8.6922,8.5427,8.6042,8.4456,8.4887,8.5227,8.5843,8.7651,8.9275,9.1634,9.5643,9.8461,10.4122,11.1985,12.0949,12.7895,13.6676,15.0503,15.6806,16.1642,17.2074,17.8286,16.8258,16.0341,13.8295,13.0653,11.1268,10.069,8.8277,7.3387,6.5837,6.0305,5.8443,5.7774,5.6921,5.616,5.5399,5.4639,5.3878,5.3117,5.2356,5.1595,5.0834
9.7641,9.4754,9.4085,9.314,8.979,8.9584,8.7714,8.6398,8.5915,8.5431,8.5502,8.5018,8.5644,8.5715,8.8189,9.0386,9.3878,9.5705,10.1599,10.3427,11.7641,12.4829,13.2203,14.1795,15.2773,15.6264,16.9092,16.602,17.2099,16.3851,15.4586,14.3842,12.3576,11.3387,9.987,8.0529,7.0987,6.4957,5.9944,5.8628,5.7682,5.6921,5.616,5.5399,5.4638,5.3878,5.3117,5.2356,5.1595,5.0834
9.4963,9.448,9.4276,9.2032,9.0808,8.8471,8.6876,8.7135,8.5262,8.5335,8.4018,8.5482,8.676,8.8038,9.0058,9.18,9.5673,9.9175,10.7405,11.3224,11.9322,12.783,14.0137,14.9757,15.1405,16.3064,16.6474,16.7567,17.3386,15.7982,15.1197,13.6626,12.1778,10.8319,9.0783,8.0198,7.2208,6.4218,5.975,5.8433,5.7672,5.6911,5.6151,5.539,5.4629,5.3868,5.3107,5.2347,5.1586,5.0825
9.6437,9.3858,9.415,9.0709,9.0618,8.9666,8.7852,8.7761,8.7192,8.7196,8.7584,8.6441,9.0466,9.0854,9.4305,9.8617,10.1589,10.7625,11.6723,12.2663,12.9081,14.0477,14.1248,15.2931,15.351,16.4523,16.74,16.4724,16.3198,14.7313,13.9756,12.4541,11.3442,10.196,8.7415,7.5455,6.8377,6.2925,5.9484,5.8532,5.7675,5.6915,5.6154,5.5393,5.4632,5.3871,5.311,5.2349,5.1589,5.0828
9.6281,9.4752,9.3607,9.2846,9.0069,8.998,8.9699,8.7978,9.029,9.0393,9.0592,9.2424,9.3295,9.7336,10.0032,10.3784,10.9264,11.5897,11.9841,12.801,13.0706,14.0796,14.4452,15.5694,15.9734,16.4735,15.9269,16.1868,15.8515,14.1526,13.1931,11.7055,10.8132,9.4984,8.4621,7.1857,6.7159,6.1981,5.978,5.8443,5.7682,5.6921,5.616,5.5399,5.4638,5.3877,5.3116,5.2355,5.1594,5.0833
9.5423,9.5864,9.5704,9.3541,9.6086,9.5826,9.4263,9.4805,9.5246,9.5286,9.6729,9.9575,10.4223,10.8471,11.0515,11.2559,11.7809,12.2758,13.2716,13.1855,14.2213,14.3356,15.121,15.4356,15.3595,15.604,15.6982,14.6504,14.1135,13.0457,12.3485,10.9702,10.0526,8.9047,7.9471,7.0496,6.5027,6.1661,5.9398,5.8437,5.7676,5.6915,5.6154,5.5393,5.4632,5.3871,5.3111,5.235,5.1589,5.0828
9.6796,9.739,9.4641,9.1892,9.086,8.9828,8.8525,8.7222,8.628,8.4706,8.53,8.4359,8.3778,8.3108,8.4968,8.6647,8.7422,9.0457,9.3763,9.969,10.8057,11.4797,12.3525,13.2886,13.4023,14.6637,16.2053,16.6353,17.3636,17.2333,16.7866,15.1109,13.7877,12.4554,10.8881,9.4564,8.341,7.1262,6.2006,5.8805,5.7682,5.6921,5.616,5.5399,5.4638,5.3878,5.3117,5.2356,5.1595,5.0834
9.7867,9.4669,9.4089,9.2696,9.0943,8.964,8.7255,8.7216,8.6003,8.4611,8.4662,8.4533,8.4584,8.5809,8.6402,8.88,9.3905,9.6574,10.0235,10.3355,11.3876,11.6544,12.878,14.3542,14.7926,15.9078,16.6079,16.7484,17.3221,16.9302,15.9967,14.5036,12.9564,11.4363,9.6995,8.2606,7.3181,6.4839,6.0468,5.8443,5.7682,5.6921,5.616,5.5399,5.4638,5.3878,5.3117,5.2356,5.1595,5.0834
9.5628,9.5966,9.3556,9.1147,8.9562,8.9259,8.9872,8.8104,8.6152,8.4659,8.4447,8.5151,8.4848,8.6651,8.8362,9.2912,9.4715,9.6701,10.4547,10.9188,11.328,12.3873,13.1444,14.1121,15.1347,15.8095,16.7314,17.516,16.9546,16.7137,15.6396,13.7872,12.8138,10.9431,9.3745,8.4011,7.0981,6.4268,6.0028,5.8535,5.7682,5.6921,5.616,5.5399,5.4638,5.3877,5.3116,5.2356,5.1595,5.0834
9.4595,9.4303,9.3261,9.3251,9.0331,8.882,8.7496,8.7579,8.6725,8.6808,8.586,8.6131,8.6121,8.8457,9.2107,9.3598,9.9313,10.2212,10.5205,11.5424,12.0763,12.6853,13.6791,15.5268,15.2818,16.2099,16.969,16.968,16.8544,15.6333,15.1068,13.5385,12.1016,10.1111,8.8807,7.8942,7.18,6.2499,5.9673,5.8443,5.7682,5.6921,5.616,5.5399,5.4638,5.3877,5.3117,5.2356,5.1595,5.0834
9.54,9.4447,9.2345,9.1297,9.1685,8.9967,8.9301,8.7966,8.7013,8.6635,8.8844,8.8179,9.01,9.4512,9.7296,9.9887,10.1234,10.8328,11.7051,11.8685,13.076,13.5747,14.5906,15.4246,16.2011,16.3165,16.5853,16.5667,15.7051,15.0255,13.5508,12.5359,11.1666,9.5866,8.4663,7.4227,6.8102,6.2743,5.9874,5.8539,5.7682,5.6921,5.616,5.5399,5.4638,5.3877,5.3116,5.2355,5.1594,5.0833
9.6117,9.3815,9.3632,9.2486,9.1725,9.0867,9.0299,8.9249,8.897,9.0714,9.188,9.2661,9.6718,9.7113,10.4735,10.4649,11.2271,11.8641,12.3276,12.5887,13.5051,14.1228,14.7404,15.5123,15.7638,15.4372,16.5848,16.0077,15.3438,13.9765,12.9561,11.454,10.4336,9.1338,8.3061,7.3242,6.564,6.1603,5.9397,5.8636,5.7682,5.6921,5.616,5.5399,5.4638,5.3877,5.3117,5.2356,5.1595,5.0834
9.6831,9.7792,9.6423,9.475,9.4192,9.3431,9.571,9.505,9.8646,9.7885,10.2799,10.1734,10.381,10.7507,11.3231,11.6523,12.4476,12.4627,13.0756,13.3237,14.3824,14.7319,15.4259,15.4612,15.3547,15.3597,15.4862,14.3564,13.8041,12.6844,11.7774,10.9009,9.5583,8.6108,7.5924,7.03,6.3561,6.0976,5.9506,5.8441,5.768,5.6919,5.6158,5.5397,5.4637,5.3876,5.3115,5.2354,5.1593,5.0832
10.5741,10.3026,10.2598,9.9964,9.9537,9.7475,9.623,9.4413,9.4803,9.1842,9.1414,9.0823,9.0804,9.1847,9.1828,9.3688,9.6529,9.6428,9.9514,10.644,11.0834,11.8087,12.3215,12.9324,14.0336,14.9632,15.5823,16.5037,16.7714,16.5734,16.1629,14.8292,13.8631,12.7581,11.171,9.8699,8.4871,7.5292,6.7674,6.455,6.3387,6.2551,6.1715,6.0878,6.0042,5.9206,5.837,5.7534,5.6697,5.5861
10.435,10.2368,10.0633,9.9145,9.7574,9.6826,9.3858,9.4426,9.2526,9.2684,9.1031,9.0448,9.1098,9.1173,9.2318,9.3215,9.6827,10.1016,10.3229,10.7664,11.613,12.073,12.8949,13.8731,14.6539,16.1669,15.8206,16.1901,17.0531,16.7151,15.9246,14.2456,13.3975,11.6363,10.2947,8.8625,7.8334,7.0183,6.598,6.3916,6.2921,6.2091,6.1261,6.0431,5.9601,5.8771,5.7941,5.7111,5.6281,5.5451
10.4279,10.2606,10.1101,10.0599,9.8592,9.692,9.5749,9.4913,9.4578,9.3073,9.2069,9.2822,9.3659,9.3994,9.4998,9.7256,9.918,10.1438,10.6541,11.5825,11.7247,12.3436,12.9375,13.6986,14.535,16.1409,16.509,16.693,17.0861,16.3585,15.4636,14.1003,12.6031,11.5911,10.0271,8.7391,7.727,6.9659,6.623,6.4307,6.3387,6.2551,6.1715,6.0878,6.0042,5.9206,5.837,5.7534,5.6697,5.5861
9.9451,9.8999,9.6708,9.6256,9.4053,9.3514,9.2712,9.0596,9.0319,8.8642,9.0116,8.8876,8.9738,9.2701,9.1637,9.5826,10.0103,10.3767,10.7168,11.0482,12.0538,12.9194,13.5222,14.4753,15.2095,16.4078,16.7217,16.729,16.8239,15.2025,15.2449,13.7023,12.4487,10.8272,9.486,8.1711,7.3028,6.6184,6.3017,6.169,6.08,5.9998,5.9196,5.8394,5.7592,5.679,5.5988,5.5186,5.4383,5.3581
9.7723,9.7576,9.4889,9.447,9.2418,9.1727,9.158,8.9165,9.0197,8.8055,8.9178,8.9121,9.1242,9.3182,9.3398,9.951,10.3989,10.4659,11.5669,11.7609,12.5173,13.5186,13.9846,14.8499,16.2503,16.4261,16.8831,16.4421,16.1008,15.3422,13.7582,12.6186,11.3884,10.2307,8.9823,7.8609,6.8755,6.4073,6.1476,6.0059,5.9277,5.8495,5.7713,5.6931,5.6149,5.5368,5.4586,5.3804,5.3022,5.224
9.5024,9.3987,9.1883,8.9682,8.9809,8.8384,8.7153,8.728,8.7698,8.8116,8.5139,8.8661,8.7624,9.4638,9.5832,10.1197,10.5204,11.1248,11.5352,12.3627,12.9866,13.7559,14.661,15.5079,16.4421,16.1056,16.4966,16.422,15.9691,15.2349,13.5307,12.2629,10.8303,9.8439,8.1785,7.3764,6.7489,6.0923,5.911,5.7394,5.6551,5.5805,5.5059,5.4313,5.3567,5.2821,5.2075,5.1329,5.0583,4.9837
10.4338,10.2019,10.1531,10.1044,9.8463,9.9721,9.8361,9.9444,10.1138,9.9342,10.0338,10.3865,10.6169,10.5246,11.0081,11.4741,11.8616,12.3277,13.1078,13.5564,14.2405,14.0173,15.1203,14.7836,15.5114,15.2969,15.5536,15.3042,14.1212,13.2001,12.6366,11.0087,9.9217,9.1576,8.3236,7.6293,7.092,6.7553,6.5234,6.4223,6.3387,6.2551,6.1714,6.0878,6.0042,5.9206,5.837,5.7533,5.6697,5.5861
10.3633,10.4983,10.3175,10.0154,9.9156,9.7834,9.6917,9.5352,9.3706,9.2708,9.1548,9.0712,9.1252,9.1792,9.1603,9.3033,9.4301,9.6298,9.8375,10.5309,10.9005,11.7314,12.2953,12.8834,13.8115,14.9014,15.8619,16.361,16.5849,17.1083,16.1668,15.0229,13.612,12.7514,11.2838,9.8485,8.3,7.5608,6.773,6.4547,6.3468,6.2551,6.1715,6.0878,6.0042,5.9206,5.837,5.7534,5.6697,5.5861
10.3973,10.2809,10.2642,10.0147,9.8151,9.6738,9.5074,9.4243,9.2746,9.3161,9.1581,9.183,9.1996,9.2411,9.3908,9.5238,9.7233,10.0724,10.3135,10.8123,11.5107,12.3088,12.9241,13.7056,14.9444,15.5014,15.9254,16.8566,17.4053,16.4823,15.7506,13.7385,13.0318,11.2608,10.288,9.1489,7.7853,7.0869,6.5714,6.3884,6.3136,6.2221,6.1389,6.0557,5.9725,5.8893,5.8062,5.723,5.6398,5.5566
10.4241,10.147,10.073,9.9736,9.6542,9.6225,9.4385,9.3052,9.2481,9.191,9.1846,9.1275,9.1719,9.1656,9.3792,9.5674,9.8741,10.0285,10.5551,10.7095,11.9975,12.6426,13.3045,14.1696,15.1615,15.4681,16.6293,16.3353,16.8788,16.1111,15.2503,14.2541,12.3866,11.4412,10.1912,8.4083,7.5221,6.9574,6.4857,6.3525,6.2531,6.1706,6.0881,6.0056,5.9231,5.8406,5.7581,5.6757,5.5932,5.5107
9.77,9.7182,9.6933,9.4714,9.348,9.1171,8.9579,8.9778,8.7917,8.7936,8.6612,8.7975,8.9158,9.0341,9.2241,9.3872,9.7562,10.0894,10.8792,11.4362,12.0201,12.8368,14.0205,14.9447,15.0988,16.2199,16.5441,16.6446,17.2016,15.7083,15.0477,13.6351,12.1955,10.8903,9.1911,8.1634,7.3864,6.6094,6.1727,6.0403,5.9616,5.883,5.8044,5.7257,5.6471,5.5684,5.4898,5.4111,5.3325,5.2538
9.6566,9.3987,9.4277,9.0838,9.0745,8.9792,8.7978,8.7885,8.7314,8.7317,8.7702,8.6558,9.0576,9.0962,9.4406,9.8712,10.1678,10.7705,11.6791,12.2721,12.913,14.051,14.1278,15.2945,15.3522,16.452,16.7391,16.4717,16.319,14.7321,13.9771,12.4572,11.3484,10.2013,8.7484,7.5535,6.8463,6.3016,5.9577,5.8624,5.7766,5.7004,5.6242,5.548,5.4718,5.3956,5.3194,5.2432,5.167,5.0908
9.5389,9.3859,9.2718,9.1965,8.9171,8.9099,8.8833,8.7108,8.9468,8.959,8.981,9.1683,9.2584,9.6693,9.9441,10.3259,10.8826,11.5561,11.9573,12.7863,13.0611,14.0846,14.4566,15.5968,16.0077,16.5159,15.9642,16.2293,15.8915,14.1731,13.2033,11.6988,10.7971,9.4675,8.42,7.1293,6.6555,6.133,5.9119,5.7783,5.7031,5.6278,5.5526,5.4774,5.4021,5.3269,5.2517,5.1764,5.1012,5.0259
10.3325,10.3555,10.3252,10.1172,10.3269,10.2878,10.133,10.165,10.188,10.1755,10.2875,10.5239,10.9204,11.2812,11.4465,11.6118,12.0616,12.4848,13.3524,13.2599,14.163,14.2483,14.9293,15.1924,15.1087,15.3096,15.3771,14.4312,13.9386,12.9749,12.34,11.1007,10.2703,9.2355,8.3695,7.5569,7.0555,6.7407,6.5237,6.4223,6.3387,6.2551,6.1715,6.0878,6.0042,5.9206,5.837,5.7534,5.6697,5.5861
10.4664,10.5051,10.242,9.979,9.8709,9.7628,9.6303,9.4977,9.3978,9.2408,9.2795,9.1796,9.1123,9.0368,9.1897,9.3262,9.3812,9.6401,9.9235,10.4433,11.1833,11.7766,12.5492,13.3789,13.4666,14.5899,15.966,16.339,16.9812,16.8486,16.4307,14.9036,13.6946,12.4775,11.0483,9.7415,8.72,7.6089,6.7587,6.4549,6.3387,6.2551,6.1715,6.0878,6.0042,5.9206,5.837,5.7534,5.6697,5.5861
10.4659,10.1606,10.0944,9.954,9.7807,9.6485,9.4175,9.4007,9.2768,9.1364,9.1279,9.1029,9.0944,9.1931,9.2341,9.4399,9.893,10.1235,10.4447,10.7165,11.6641,11.8947,12.999,14.334,14.7212,15.7266,16.3528,16.4679,16.9787,16.6075,15.7417,14.3649,12.9387,11.5371,9.9377,8.6104,7.7364,6.9613,6.5489,6.3508,6.2681,6.1854,6.1027,6.02,5.9374,5.8547,5.772,5.6893,5.6066,5.5239
10.0834,10.105,9.8701,9.6352,9.4773,9.439,9.4862,9.3111,9.119,8.9696,8.9399,8.9956,8.9573,9.1156,9.2654,9.6801,9.8384,10.0139,10.7363,11.1596,11.5316,12.5105,13.2073,14.1007,15.0454,15.6653,16.516,17.2384,16.7044,16.4695,15.4568,13.7175,12.7988,11.0425,9.5682,8.6495,7.4231,6.7865,6.3807,6.2313,6.1417,6.0607,5.9796,5.8986,5.8176,5.7366,5.6556,5.5745,5.4935,5.4125
9.7579,9.7242,9.6182,9.6115,9.3251,9.174,9.0409,9.0433,8.9554,8.9577,8.8608,8.8812,8.8745,9.0934,9.4387,9.5764,10.1202,10.3932,10.6753,11.6523,12.16,12.7399,13.6898,15.461,15.2196,16.1064,16.8307,16.824,16.709,15.5291,15.0171,13.5033,12.1158,10.196,9.0071,8.0528,7.3602,6.4601,6.1827,6.0587,5.9798,5.9009,5.822,5.7432,5.6643,5.5854,5.5065,5.4276,5.3487,5.2698
9.686,9.5897,9.3808,9.2752,9.3104,9.139,9.0709,8.9371,8.8409,8.8009,9.0144,8.9463,9.1317,9.561,9.8309,10.0819,10.2109,10.9031,11.7549,11.9121,13.0924,13.5781,14.5706,15.3848,16.1427,16.253,16.5134,16.4923,15.6451,14.9763,13.5284,12.531,11.1864,9.6353,8.5347,7.5092,6.906,6.378,6.094,5.9602,5.8734,5.7959,5.7184,5.6409,5.5635,5.486,5.4085,5.331,5.2535,5.176
10.3958,10.1749,10.1428,10.0248,9.9412,9.849,9.7825,9.6732,9.6325,9.772,9.86,9.9137,10.2592,10.2786,10.9417,10.9181,11.5812,12.1327,12.5297,12.7465,13.5468,14.0812,14.6155,15.2871,15.4953,15.1885,16.1949,15.665,15.0578,13.8242,12.8995,11.5456,10.6209,9.4473,8.6942,7.8039,7.1109,6.7355,6.5231,6.4395,6.3387,6.2551,6.1715,6.0878,6.0042,5.9206,5.837,5.7534,5.6697,5.5861
10.4561,10.5252,10.3877,10.2232,10.1575,10.0739,10.2598,10.1852,10.4879,10.4043,10.8238,10.7132,10.8812,11.1929,11.6843,11.96,12.6491,12.6463,13.1736,13.3775,14.3002,14.5939,15.1931,15.2083,15.0977,15.086,15.182,14.164,13.6582,12.6491,11.8288,11.0354,9.8287,8.9724,8.0533,7.5384,6.9247,6.6794,6.5328,6.4223,6.3387,6.255,6.1714,6.0878,6.0042,5.9206,5.8369,5.7533,5.6697,5.5861
10.7618,10.4932,10.4476,10.187,10.1414,9.9365,9.8113,9.6303,9.6643,9.3718,9.3262,9.2647,9.2588,9.3565,9.3507,9.528,9.8008,9.7871,10.0838,10.7547,11.1788,11.8816,12.3774,12.9687,14.0377,14.9395,15.5388,16.4326,16.6895,16.4926,16.0887,14.7852,13.8398,12.7592,11.2088,9.9371,8.5857,7.6484,6.9021,6.5938,6.4765,6.391,6.3056,6.2202,6.1347,6.0493,5.9638,5.8784,5.793,5.7075
10.4381,10.2399,10.0664,9.9176,9.7606,9.6858,9.389,9.4457,9.2558,9.2714,9.1062,9.0478,9.1127,9.1202,9.2345,9.3241,9.6851,10.1036,10.3248,10.768,11.6141,12.0737,12.8951,13.8728,14.6531,16.1652,15.819,16.1882,17.0508,16.7128,15.9227,14.2445,13.3968,11.6364,10.2953,8.8638,7.8352,7.0204,6.6003,6.3939,6.2944,6.2114,6.1283,6.0453,5.9623,5.8792,5.7962,5.7132,5.6301,5.5471
10.0822,9.9143,9.7638,9.7186,9.5155,9.3476,9.2322,9.1518,9.1241,8.9737,8.8758,8.962,9.057,9.0993,9.2118,9.4558,9.6647,9.9086,10.4506,11.4307,11.587,12.2429,12.8725,13.6774,14.5611,16.2512,16.6441,16.8443,17.2635,16.5083,15.5778,14.1566,12.5951,11.5419,9.9103,8.5679,7.5147,6.7245,6.3725,6.1782,6.0891,6.0088,5.9285,5.8481,5.7678,5.6875,5.6072,5.5268,5.4465,5.3662
9.9457,9.9005,9.6714,9.6263,9.4059,9.352,9.2718,9.0602,9.0325,8.8647,9.0122,8.8882,8.9744,9.2708,9.1643,9.5834,10.0112,10.3776,10.7178,11.0493,12.0551,12.9209,13.5238,14.4771,15.2115,16.41,16.724,16.7313,16.8263,15.2046,15.247,13.7041,12.4502,10.8285,9.487,8.1718,7.3033,6.6188,6.3021,6.1693,6.0804,6.0001,5.9199,5.8397,5.7595,5.6793,5.5991,5.5189,5.4387,5.3584
9.7701,9.7555,9.4867,9.4448,9.2396,9.1705,9.1559,8.9143,9.0177,8.8033,8.9158,8.9102,9.1224,9.3166,9.3382,9.9498,10.398,10.4651,11.5668,11.7609,12.5177,13.5196,13.986,14.8517,16.2529,16.4289,16.8862,16.445,16.1036,15.3447,13.7599,12.6198,11.389,10.2308,8.9818,7.8599,6.8741,6.4057,6.146,6.0042,5.9261,5.8479,5.7697,5.6915,5.6134,5.5352,5.457,5.3788,5.3007,5.2225
9.5031,9.3994,9.189,8.9688,8.9816,8.839,8.7159,8.7286,8.7705,8.8123,8.5145,8.8668,8.7631,9.4646,9.584,10.1207,10.5214,11.126,11.5364,12.3641,12.988,13.7575,14.6627,15.5098,16.4442,16.1076,16.4987,16.4241,15.9711,15.2368,13.5323,12.2644,10.8315,9.8449,8.1792,7.377,6.7494,6.0927,5.9114,5.7397,5.6554,5.5808,5.5062,5.4316,5.357,5.2824,5.2078,5.1332,5.0586,4.984
10.0046,9.7666,9.7244,9.6823,9.4163,9.5606,9.4252,9.5509,9.7419,9.5598,9.6762,10.063,10.3192,10.2304,10.7571,11.2651,11.6892,12.1973,13.041,13.5304,14.2715,14.0429,15.2316,14.8817,15.6695,15.4502,15.7344,15.4777,14.2233,13.2486,12.6562,10.9262,9.7743,8.9675,8.086,7.3538,6.7894,6.4395,6.2015,6.1034,6.0239,5.9445,5.865,5.7855,5.7061,5.6266,5.5471,5.4677,5.3882,5.3087
10.6573,10.781,10.6012,10.3048,10.2029,10.0698,9.9757,9.8193,9.6551,9.5532,9.4357,9.3493,9.3951,9.441,9.4168,9.5482,9.664,9.8499,10.0435,10.7038,11.053,11.8456,12.3815,12.9407,13.8266,14.868,15.785,16.2587,16.4678,16.9648,16.0539,14.9486,13.5866,12.7535,11.337,9.9517,8.4574,7.741,6.9779,6.666,6.5563,6.4621,6.3757,6.2893,6.2029,6.1165,6.0302,5.9438,5.8574,5.771
11.2338,11.1132,11.081,10.8423,10.6479,10.5051,10.3402,10.249,10.0988,10.1184,9.9608,9.9656,9.963,9.9825,10.098,10.1987,10.3584,10.6509,10.8475,11.2729,11.8753,12.5663,13.0949,13.7711,14.8532,15.3302,15.6891,16.4981,16.9677,16.1314,15.4647,13.6618,13.0172,11.4283,10.5476,9.5194,8.292,7.6548,7.18,7.0003,6.9166,6.818,6.7269,6.6358,6.5446,6.4535,6.3623,6.2712,6.18,6.0889
10.424,10.1469,10.0729,9.9735,9.6541,9.6224,9.4384,9.3051,9.248,9.1909,9.1846,9.1274,9.1719,9.1655,9.3792,9.5674,9.8741,10.0285,10.5552,10.7096,11.9978,12.6429,13.305,14.1701,15.1621,15.4688,16.63,16.336,16.8796,16.1118,15.251,14.2547,12.387,11.4415,10.1915,8.4084,7.5221,6.9573,6.4857,6.3524,6.253,6.1705,6.088,6.0055,5.923,5.8406,5.7581,5.6756,5.5931,5.5106
9.7636,9.7119,9.6871,9.4651,9.3417,9.1108,8.9516,8.9716,8.7855,8.7875,8.6552,8.7916,8.9102,9.0287,9.2189,9.3822,9.7517,10.0853,10.8758,11.4334,12.0178,12.8353,14.0201,14.945,15.0994,16.2215,16.5461,16.6467,17.2043,15.71,15.049,13.6354,12.1948,10.8887,9.1883,8.16,7.3825,6.605,6.168,6.0357,5.9571,5.8785,5.7999,5.7213,5.6428,5.5642,5.4856,5.407,5.3284,5.2498
9.6575,9.3997,9.4286,9.0848,9.0755,8.9801,8.7988,8.7895,8.7324,8.7326,8.7711,8.6567,9.0584,9.0969,9.4412,9.8716,10.1682,10.7706,11.679,12.2718,12.9125,14.0502,14.127,15.2934,15.351,16.4505,16.7375,16.4701,16.3174,14.7309,13.9761,12.4565,11.348,10.2012,8.7485,7.554,6.8469,6.3023,5.9585,5.8631,5.7774,5.7011,5.6249,5.5487,5.4725,5.3963,5.3201,5.2439,5.1676,5.0914
9.5387,9.3856,9.2715,9.1963,8.9168,8.9097,8.8831,8.7106,8.9465,8.9588,8.9808,9.1682,9.2583,9.6693,9.9441,10.3259,10.8828,11.5564,11.9577,12.7868,13.0617,14.0853,14.4574,15.5978,16.0088,16.517,15.9653,16.2304,15.8926,14.1739,13.204,11.6993,10.7975,9.4677,8.42,7.1292,6.6553,6.1327,5.9116,5.778,5.7028,5.6276,5.5524,5.4771,5.4019,5.3267,5.2514,5.1762,5.101,5.0257
9.5747,9.618,9.6015,9.3854,9.6382,9.6117,9.4555,9.5088,9.5521,9.5556,9.6986,9.9814,10.4437,10.866,11.069,11.2719,11.794,12.2863,13.2773,13.1909,14.2218,14.3349,15.1165,15.4291,15.3527,15.5956,15.6887,14.6447,14.1094,13.0455,12.3506,10.9774,10.063,8.9192,7.965,7.0706,6.5253,6.1896,5.9635,5.8672,5.7908,5.7144,5.638,5.5616,5.4852,5.4089,5.3325,5.2561,5.1797,5.1033
10.738,10.7697,10.5106,10.2515,10.1417,10.0319,9.8986,9.7652,9.6633,9.5063,9.538,9.4361,9.3656,9.2872,9.4289,9.5549,9.6023,9.8461,10.1135,10.6089,11.3164,11.8824,12.6213,13.4153,13.4941,14.571,15.8914,16.2453,16.8585,16.7252,16.3167,14.8396,13.6689,12.4903,11.1074,9.8424,8.8525,7.7761,6.9512,6.6528,6.5351,6.4489,6.3627,6.2765,6.1903,6.1041,6.0179,5.9317,5.8455,5.7592
10.4686,10.1634,10.0971,9.9567,9.7833,9.6512,9.4201,9.4033,9.2794,9.139,9.1305,9.1054,9.0969,9.1956,9.2365,9.4423,9.8954,10.1259,10.4471,10.7188,11.6665,11.897,13.0013,14.3363,14.7235,15.7288,16.355,16.4701,16.9809,16.6097,15.7439,14.367,12.9407,11.5391,9.9397,8.6123,7.7383,6.9632,6.5507,6.3526,6.2699,6.1872,6.1045,6.0218,5.9391,5.8564,5.7736,5.6909,5.6082,5.5255
10.0808,10.1026,9.8674,9.6323,9.4742,9.4361,9.4836,9.3084,9.116,8.9665,8.9369,8.993,8.9548,9.1136,9.2639,9.6796,9.8384,10.0144,10.7385,11.1628,11.5357,12.5167,13.2151,14.1104,15.0572,15.6785,16.531,17.2551,16.7202,16.485,15.4705,13.728,12.8077,11.0481,9.5711,8.6508,7.4222,6.7846,6.3781,6.2286,6.1391,6.0581,5.9771,5.8961,5.8151,5.7341,5.6532,5.5722,5.4912,5.4102
9.7623,9.7285,9.6225,9.6157,9.3293,9.1782,9.0451,9.0474,8.9594,8.9617,8.8648,8.8851,8.8784,9.0972,9.4424,9.58,10.1237,10.3967,10.6787,11.6556,12.1632,12.743,13.6927,15.4636,15.2223,16.1089,16.833,16.8263,16.7113,15.5315,15.0194,13.5058,12.1184,10.1987,9.0099,8.0557,7.3632,6.4631,6.1857,6.0616,5.9827,5.9038,5.8249,5.7459,5.667,5.5881,5.5092,5.4303,5.3513,5.2724
9.692,9.5957,9.3868,9.2811,9.3162,9.1448,9.0766,8.9428,8.8465,8.8065,9.02,8.9519,9.1372,9.5666,9.8365,10.0876,10.2166,10.9089,11.7608,11.918,13.0985,13.5843,14.577,15.3914,16.1495,16.2597,16.5201,16.4989,15.6516,14.9825,13.5343,12.5367,11.1917,9.6402,8.5393,7.5136,6.9103,6.3821,6.098,5.9642,5.8772,5.7997,5.7222,5.6446,5.5671,5.4896,5.412,5.3345,5.257,5.1795
9.6544,9.4246,9.4056,9.2908,9.2143,9.1282,9.0709,8.9656,8.937,9.1096,9.2247,9.3015,9.704,9.7424,10.4994,10.49,11.2469,11.8794,12.3393,12.5981,13.5084,14.1216,14.7349,15.5014,15.7507,15.4251,16.5652,15.9906,15.3297,13.9695,12.9541,11.4598,10.4444,9.1512,8.3275,7.3505,6.5938,6.1916,5.9714,5.8948,5.7992,5.7227,5.6462,5.5697,5.4932,5.4167,5.3402,5.2637,5.1872,5.1107
10.1513,10.2309,10.0937,9.9282,9.8664,9.7857,9.988,9.9167,10.2416,10.1609,10.6083,10.4994,10.6828,11.017,11.5399,11.8364,12.5667,12.5709,13.1315,13.3526,14.3281,14.6435,15.2795,15.3026,15.1936,15.1884,15.2963,14.235,13.7111,12.6592,11.8053,10.9797,9.7203,8.8287,7.871,7.3377,6.7007,6.4503,6.3037,6.1947,6.1141,6.0334,5.9528,5.8721,5.7914,5.7108,5.6301,5.5495,5.4688,5.3882
9.7775,9.5226,9.4554,9.2899,9.1781,8.9858,8.8739,8.7263,8.5787,8.5473,8.3282,8.413,8.2296,8.3413,8.4171,8.4394,8.8103,9.0471,9.3822,9.6548,10.3564,11.1028,11.7329,12.7385,13.315,14.41,15.0312,16.2335,16.6849,16.8233,16.783,16.1973,14.53,13.1397,11.6869,10.109,8.4506,7.5163,6.5194,5.9158,5.795,5.6921,5.616,5.5399,5.4638,5.3878,5.3117,5.2356,5.1595,5.0834
9.6709,9.7033,9.365,9.316,9.1857,8.8112,8.7713,8.7223,8.5197,8.4978,8.5302,8.427,8.2605,8.537,8.5332,8.8007,8.824,9.2633,9.9285,10.4039,10.59,11.7345,12.5082,13.1825,14.2094,15.1097,16.0643,16.4854,17.6299,16.8576,16.5284,15.0419,13.7272,12.304,10.7995,8.7977,7.8446,6.9187,6.1555,5.9347,5.7682,5.6921,5.616,5.5399,5.4638,5.3878,5.3117,5.2356,5.1595,5.0834
9.8314,9.6122,9.5004,9.2543,9.1156,9.0485,8.8203,8.7174,8.5519,8.4937,8.4533,8.4756,8.3995,8.5202,8.623,8.9316,8.8555,9.2266,10.206,10.2283,10.832,11.6682,12.5045,13.296,14.5884,15.7556,16.6724,16.8915,17.1105,16.7035,16.3501,14.5656,13.5235,11.8374,10.1871,9.1628,7.5215,6.542,6.1349,5.871,5.7681,5.692,5.6159,5.5398,5.4637,5.3876,5.3115,5.2354,5.1593,5.0832
9.6318,9.7105,9.261,9.0938,9.0177,8.8687,8.8109,8.6983,8.5494,8.5188,8.5065,8.3211,8.3725,8.4421,8.7577,8.8911,9.3615,9.7773,10.1475,11.0461,11.5529,12.5607,13.0585,14.4762,14.7644,15.7449,16.8712,16.7495,17.138,16.3514,15.2916,14.6326,12.8623,11.0738,9.8045,8.2892,7.3569,6.6979,6.0662,5.8716,5.7682,5.6921,5.616,5.5399,5.4638,5.3878,5.3117,5.2356,5.1595,5.0834
9.7335,9.704,9.2741,9.1887,9.0289,8.9621,8.8581,8.8285,8.7245,8.5646,8.6002,8.5986,8.8576,8.9491,8.7985,9.3461,9.782,10.2179,10.9331,11.7227,12.5775,12.641,14.2406,14.453,15.5685,16.2092,16.4589,17.1461,16.9862,15.5511,14.3858,13.3323,11.925,10.7691,9.2874,8.1035,7.0407,6.4433,6.0228,5.8722,5.7682,5.6921,5.616,5.5399,5.4638,5.3877,5.3116,5.2355,5.1594,5.0833
9.6292,9.5627,9.3328,9.1509,9.1325,9.0084,8.9611,8.8946,8.8185,8.7617,8.7433,8.9172,8.9372,9.39,9.4293,9.8916,10.6905,10.5952,11.5767,12.1256,12.7033,13.4541,14.0223,14.9269,15.6296,16.0247,16.3813,16.6321,15.9599,15.7395,14.2308,13.0778,11.2229,10.0123,8.9458,7.7736,6.9379,6.3907,6.0646,5.8539,5.7682,5.6921,5.616,5.5399,5.4638,5.3877,5.3116,5.2355,5.1594,5.0833
9.4902,9.511,9.3768,9.3685,9.2149,9.2163,9.1111,9.1222,9.5693,9.3382,9.0393,9.6124,9.856,10.0027,10.4886,11.0617,11.2472,12.2271,12.1414,13.2861,13.9076,14.0155,15.3056,15.7817,15.6475,16.2303,15.6116,15.1383,15.2075,14.1141,12.7009,11.685,10.3494,8.9459,8.056,7.3307,6.8186,6.3744,5.9785,5.8637,5.7682,5.6921,5.616,5.5399,5.4638,5.3878,5.3117,5.2356,5.1595,5.0834
9.6357,9.6044,9.4567,9.309,9.1433,9.0404,8.8389,8.7449,8.6778,8.4584,8.4898,8.4316,8.2749,8.2884,8.3734,8.3332,8.5794,9.0764,9.3763,9.4793,10.1464,11.0731,11.3283,12.5506,13.334,14.404,15.2233,16.2217,16.7903,17.2246,16.4232,15.8636,14.5429,13.1237,12,9.784,8.2932,7.4649,6.386,5.9697,5.7772,5.6921,5.616,5.5399,5.4639,5.3878,5.3117,5.2356,5.1595,5.0834
9.6463,9.4251,9.5122,9.2729,9.215,8.9575,8.7091,8.6693,8.6022,8.5896,8.3412,8.3377,8.4158,8.3215,8.6807,8.65,8.8913,9.3865,9.9271,10.2047,10.8723,11.8391,12.1257,13.555,14.1772,15.5249,15.5395,16.5064,17.4732,16.6172,16.8041,15.4039,13.4143,11.9326,10.5869,9.1232,7.714,6.7855,6.0927,5.8534,5.7682,5.6921,5.616,5.5399,5.4638,5.3877,5.3116,5.2356,5.1595,5.0834
9.8405,9.5823,9.4789,9.2208,8.899,8.8684,8.7832,8.7253,8.5764,8.4548,8.4151,8.4755,8.5178,8.4599,8.5203,8.7719,9.1326,9.5207,9.654,10.5153,11.0945,12.5202,12.4805,13.4966,15.2317,15.729,16.0807,16.8692,17.2118,17.0993,16.0858,14.5261,12.9119,11.5616,10.0656,8.7335,7.6563,6.6063,6.0933,5.8898,5.7682,5.6921,5.616,5.5399,5.4638,5.3878,5.3117,5.2356,5.1595,5.0834
9.5923,9.4598,9.1769,9.1666,9.0153,9.052,8.8913,8.6742,8.6075,8.6254,8.4929,8.6237,8.7732,8.7912,8.8655,9.0903,9.5501,9.9535,10.5826,10.8167,11.8877,12.4791,13.2774,13.9629,14.9774,16.1518,16.0757,17.0056,16.8167,16.5432,15.5927,14.1909,12.2344,10.9549,9.9292,8.5462,7.3889,6.6546,6.099,5.8631,5.7682,5.6921,5.616,5.5399,5.4638,5.3877,5.3117,5.2356,5.1595,5.0834
9.5705,9.6192,9.2839,9.0926,8.9973,8.9788,8.7587,8.7594,8.8273,8.7704,8.7231,8.791,8.9358,8.8789,9.4268,9.7252,9.7835,10.7443,10.8506,11.8882,12.7146,13.7618,14.4057,14.3585,15.3577,15.9632,16.8088,16.4639,16.4358,16.1389,14.3538,13.2601,11.7822,10.1988,9.1818,7.9441,6.9175,6.4381,6.074,5.8635,5.7682,5.6921,5.616,5.5399,5.4639,5.3878,5.3117,5.2356,5.1595,5.0834
9.6672,9.483,9.2791,9.1538,9.0778,9.1196,8.8469,8.9379,9.0486,8.8054,8.9358,9.1251,9.3832,9.5725,9.87,10.4525,10.7893,11.3423,11.7282,12.2223,13.0211,13.869,14.2058,15.0341,15.4004,16.2188,16.4868,15.9388,16.1773,14.6758,14.0591,12.5871,11.5083,9.8987,8.82,7.6232,7.0556,6.3012,6.0679,5.8738,5.7682,5.6921,5.616,5.5399,5.4638,5.3877,5.3117,5.2356,5.1595,5.0834
9.5574,9.5821,9.4959,9.5105,9.3034,9.3684,9.3326,9.2666,9.4324,9.5276,9.6329,9.7886,10.035,10.3923,11.0418,10.7137,11.1617,12.305,12.7025,13.9466,13.6891,14.4696,14.6656,15.2345,15.6119,15.6164,15.5101,15.7363,14.4509,13.2965,12.4344,11.3505,10.1155,9.072,8.3912,7.3074,6.7476,6.1878,6.0008,5.8542,5.768,5.6919,5.6158,5.5397,5.4636,5.3876,5.3115,5.2354,5.1593,5.0832
9.8605,9.675,9.4074,9.2584,9.1003,9.0971,8.8934,8.7443,8.5953,8.4007,8.4066,8.4764,8.4186,8.3972,8.3211,8.6826,8.6886,8.9863,9.512,9.91,10.1713,11.0525,11.7332,12.6965,13.5322,14.2311,15.322,16.0939,16.7745,17.5555,16.8229,15.4339,14.7743,13.0479,11.4856,10.1878,8.6894,7.4189,6.5222,5.9264,5.7865,5.6921,5.616,5.5399,5.4639,5.3878,5.3117,5.2356,5.1595,5.0834
9.616,9.6404,9.3633,9.2963,9.0832,8.9249,8.8396,8.8184,8.5687,8.4835,8.3982,8.3404,8.3922,8.4989,8.5781,8.7395,8.9741,9.3365,9.7447,10.436,10.8533,11.8736,12.7568,13.9689,14.2857,15.5435,15.6502,16.6796,17.1791,16.4178,16.4056,15.0687,13.4029,12.0203,10.8387,9.0084,7.8816,6.7548,6.1945,5.8809,5.7682,5.6921,5.616,5.5399,5.4638,5.3877,5.3117,5.2356,5.1595,5.0834
9.6351,9.559,9.311,9.244,8.9689,8.8656,8.8981,8.7135,8.574,8.5613,8.5395,8.4724,8.333,8.5554,8.606,9.0365,9.0599,9.5809,10.1019,10.4329,11.18,12.09,13.0452,13.7562,14.6119,15.8385,16.3775,17.0794,17.0576,16.7554,16.0189,14.5858,13.1708,11.6111,10.0785,8.745,7.5381,6.684,6.1646,5.8895,5.7682,5.6921,5.616,5.5399,5.4638,5.3877,5.3116,5.2355,5.1594,5.0833
9.5871,9.3896,9.3135,9.1066,9.1519,8.9545,8.7943,8.7649,8.7355,8.6127,8.5833,8.5446,8.5992,8.9807,8.942,9.2861,9.6022,9.937,10.8975,11.0828,12.118,12.4154,13.488,14.2056,14.9606,15.6503,16.3306,17.0016,16.6827,16.6159,15.7834,13.737,12.6336,10.8113,9.5772,8.1564,7.3333,6.5568,6.0792,5.8817,5.7682,5.6921,5.616,5.5399,5.4638,5.3878,5.3117,5.2356,5.1595,5.0834
9.5256,9.4495,9.3068,9.0975,9.1166,8.8977,8.8883,8.6599,8.7075,8.66,8.8218,8.8123,9.0217,9.2882,9.4786,9.5167,10.0687,10.7444,11.1537,12.0483,12.5146,13.7137,14.1135,14.8844,15.7885,15.8551,16.5404,16.6641,16.2169,15.4175,14.1233,13.2098,11.8775,10.4215,8.9845,7.7855,7.0052,6.4628,6.0345,5.8728,5.7682,5.6921,5.616,5.5399,5.4638,5.3877,5.3116,5.2355,5.1594,5.0833
9.6424,9.537,9.4512,9.2285,9.1427,9.0079,8.9807,8.973,9.0239,9.1041,9.116,9.2157,9.3546,9.7768,10.1013,10.2206,10.7209,11.2603,12.0342,12.603,13.074,13.9651,14.9735,15.1319,16.0133,15.9567,16.1835,15.7752,15.1422,14.5972,14.013,12.7938,11.0178,9.9842,8.6282,7.5654,6.8054,6.3287,6.0181,5.8541,5.7682,5.6921,5.616,5.5399,5.4638,5.3878,5.3117,5.2356,5.1595,5.0834
9.6834,9.8707,9.7946,9.5184,9.6425,9.4505,9.701,9.6776,9.6437,9.6624,9.9024,9.9949,10.3612,10.4327,10.7569,11.2497,11.7952,12.309,13.1284,13.6633,13.956,14.7964,15.2049,14.8549,15.2108,15.4718,15.2272,14.9931,14.4114,13.64,12.5,11.539,9.8407,9.0904,8.1821,7.3159,6.6394,6.2052,6.0027,5.8423,5.7663,5.6902,5.6141,5.5381,5.462,5.3859,5.3099,5.2338,5.1577,5.0817
10.5535,10.3088,10.2332,10.069,9.9532,9.7648,9.649,9.5009,9.3529,9.3095,9.097,9.1584,8.9781,9.0637,9.117,9.122,9.4411,9.6395,9.9264,10.1569,10.7741,11.4316,11.9844,12.8755,13.3799,14.3516,14.8963,15.9646,16.3562,16.4659,16.4145,15.8718,14.3543,13.0865,11.7623,10.3254,8.816,7.959,7.0457,6.4868,6.3629,6.2551,6.1715,6.0879,6.0042,5.9206,5.837,5.7534,5.6698,5.5861
10.4581,10.4724,10.1523,10.0931,9.9605,9.6078,9.5568,9.4977,9.2999,9.2652,9.2794,9.1714,9.0062,9.2406,9.2222,9.4485,9.4545,9.8357,10.4208,10.8346,10.9875,12.0047,12.6876,13.2808,14.1921,14.9891,15.8351,16.2,17.2173,16.5057,16.1938,14.8381,13.6373,12.3386,10.9666,9.146,8.2714,7.4213,6.7179,6.5038,6.3387,6.255,6.1714,6.0878,6.0042,5.9206,5.8369,5.7533,5.6697,5.5861
10.6004,10.3878,10.272,10.0353,9.8953,9.8198,9.5992,9.4914,9.3272,9.2597,9.2084,9.2134,9.1298,9.2234,9.301,9.5638,9.4802,9.7995,10.6666,10.6717,11.2004,11.9386,12.6769,13.3748,14.524,15.5603,16.3711,16.5534,16.7357,16.3539,16.0206,14.398,13.4442,11.9103,10.4086,9.4709,7.9773,7.0799,6.6982,6.4454,6.3376,6.254,6.1704,6.0868,6.0032,5.9196,5.836,5.7524,5.6688,5.5852
10.4219,10.4777,10.0577,9.8921,9.8084,9.6592,9.592,9.4755,9.3263,9.2837,9.2575,9.0754,9.1067,9.1543,9.4235,9.5285,9.9372,10.2966,10.615,11.4092,11.8506,12.7433,13.1765,14.4384,14.6829,15.551,16.5503,16.4257,16.7605,16.0369,15.0673,14.4586,12.849,11.223,10.0646,8.6848,7.83,7.2213,6.6372,6.4469,6.3387,6.2551,6.1715,6.0878,6.0042,5.9206,5.837,5.7534,5.6697,5.5861
9.9182,9.8857,9.4626,9.3756,9.216,9.1472,9.0421,9.0096,8.9045,8.7448,8.776,8.7708,9.02,9.1056,8.9551,9.4859,9.9077,10.3295,11.0239,11.791,12.6217,12.6801,14.2376,14.4413,15.5264,16.1481,16.3882,17.0553,16.8957,15.4913,14.3505,13.3186,11.9415,10.8097,9.3599,8.2009,7.1599,6.5733,6.1592,6.0087,5.9035,5.8257,5.7478,5.6699,5.592,5.5142,5.4363,5.3584,5.2805,5.2026
9.5461,9.4806,9.2498,9.0676,9.0506,8.9267,8.8805,8.815,8.7397,8.6838,8.6668,8.8442,8.8661,9.3253,9.3666,9.8355,10.6446,10.5499,11.5436,12.1,12.6856,13.4461,14.0219,14.9379,15.6498,16.0507,16.4128,16.6679,15.9901,15.769,14.2456,13.0818,11.2086,9.9865,8.9102,7.727,6.8839,6.3324,6.0044,5.7931,5.7081,5.6328,5.5575,5.4822,5.4069,5.3316,5.2563,5.181,5.1057,5.0304
9.0285,9.0599,8.9263,8.9267,8.7725,8.7833,8.6806,8.7017,9.1866,8.95,8.6411,9.2601,9.5286,9.694,10.2202,10.8392,11.0458,12.0978,12.0158,13.243,13.9136,14.0377,15.4196,15.9355,15.802,16.4313,15.7822,15.2878,15.3707,14.2165,12.722,11.6503,10.2383,8.7542,7.8165,7.054,6.5183,6.0548,5.6429,5.5299,5.4376,5.3658,5.2941,5.2224,5.1507,5.0789,5.0072,4.9355,4.8637,4.792
10.426,10.3828,10.2346,10.0864,9.9221,9.8142,9.6176,9.5178,9.4423,9.2295,9.2428,9.1753,9.019,9.0161,9.0778,9.0264,9.2334,9.6663,9.9217,9.9995,10.5857,11.4061,11.6211,12.7077,13.3989,14.3484,15.0719,15.9568,16.4543,16.8307,16.0933,15.5739,14.3684,13.0741,12.0462,10.0336,8.6748,7.9132,6.9256,6.5353,6.3468,6.2551,6.1715,6.0878,6.0042,5.9206,5.837,5.7534,5.6697,5.5861
10.4343,10.2199,10.2834,10.0527,9.9854,9.7383,9.4994,9.4485,9.373,9.3467,9.1077,9.0895,9.1449,9.0449,9.3537,9.3109,9.5134,9.9447,10.417,10.6521,11.2388,12.0952,12.3385,13.6118,14.1576,15.3573,15.3554,16.2118,17.0682,16.2816,16.4351,15.1581,13.3497,11.9992,10.7712,9.437,8.1518,7.2999,6.6604,6.4297,6.3379,6.2543,6.1707,6.0871,6.0035,5.9199,5.8362,5.7526,5.669,5.5854
10.6083,10.3606,10.2524,10.0047,9.6996,9.657,9.5652,9.498,9.3488,9.2241,9.1734,9.2128,9.2359,9.1687,9.2082,9.4199,9.7301,10.065,10.1701,10.9315,11.4386,12.7088,12.658,13.5589,15.108,15.5413,15.8433,16.5391,16.8329,16.7165,15.7879,14.3669,12.8968,11.6646,10.3011,9.0852,8.0992,7.1377,6.6603,6.4618,6.3372,6.2536,6.17,6.0864,6.0028,5.9192,5.8356,5.752,5.6684,5.5848
10.3852,10.2509,9.9813,9.9568,9.8056,9.8234,9.6637,9.4533,9.3781,9.379,9.2447,9.3471,9.4663,9.4673,9.5189,9.7059,10.1042,10.4517,11.0022,11.1976,12.1455,12.6621,13.3648,13.966,14.8632,15.904,15.8204,16.6414,16.4564,16.1952,15.3253,14.0495,12.275,11.1091,10.1716,8.9128,7.8568,7.1814,6.6666,6.4392,6.3387,6.2551,6.1715,6.0878,6.0042,5.9206,5.837,5.7534,5.6697,5.5861
10.3648,10.3933,10.0768,9.8897,9.7889,9.757,9.544,9.5294,9.5751,9.5088,9.451,9.4968,9.6115,9.5451,10.0221,10.2748,10.3119,11.1598,11.24,12.1568,12.8839,13.8093,14.3725,14.3148,15.1971,15.7258,16.4701,16.145,16.1045,15.8225,14.2038,13.206,11.8632,10.4255,9.4967,8.3696,7.4321,6.9863,6.6439,6.4396,6.3387,6.2551,6.1715,6.0878,6.0042,5.9206,5.837,5.7534,5.6697,5.5861
10.4482,10.2679,10.07,9.9424,9.8588,9.8807,9.6213,9.687,9.7704,9.5374,9.6383,9.792,10.0072,10.1609,10.4113,10.9166,11.2021,11.681,12.0105,12.4366,13.1353,13.8778,14.1634,14.8883,15.2002,15.9164,16.1404,15.6349,15.8326,14.4745,13.9075,12.5758,11.5957,10.1409,9.1608,8.0752,7.5521,6.862,6.6378,6.4487,6.3387,6.2551,6.1715,6.0879,6.0042,5.9206,5.837,5.7534,5.6698,5.5861
10.3458,10.3516,10.2591,10.256,10.056,10.0977,10.0499,9.9752,10.1064,10.1749,10.2524,10.3746,10.5774,10.8786,11.4394,11.132,11.5138,12.5131,12.8501,13.9389,13.6942,14.3713,14.5293,15.0185,15.3376,15.3256,15.2151,15.4,14.2424,13.2011,12.4194,11.4409,10.328,9.3852,8.7646,7.786,7.2728,6.7596,6.5775,6.4313,6.3387,6.2551,6.1715,6.0878,6.0042,5.9206,5.837,5.7534,5.6697,5.5861
10.6288,10.4465,10.1903,10.0409,9.8833,9.8654,9.6667,9.5174,9.368,9.1775,9.1679,9.2158,9.1486,9.1143,9.0307,9.3416,9.3319,9.5853,10.0442,10.388,10.6085,11.388,11.9866,12.84,13.5783,14.1934,15.1619,15.8427,16.4413,17.1303,16.4549,15.1876,14.578,13.0066,11.5832,10.3981,9.0322,7.8718,7.0484,6.4963,6.3551,6.2551,6.1715,6.0878,6.0042,5.9206,5.837,5.7534,5.6697,5.5861
10.4092,10.4163,10.1512,10.0758,9.8685,9.7107,9.6188,9.5847,9.3444,9.2525,9.1607,9.0935,9.1254,9.2067,9.2632,9.394,9.5907,9.9029,10.2564,10.8654,11.2271,12.133,12.9152,13.9943,14.2653,15.3856,15.4669,16.381,16.8169,16.1148,16.0889,14.8674,13.3489,12.0861,11.0047,9.3378,8.3059,7.274,6.7533,6.4553,6.3387,6.2551,6.1715,6.0879,6.0042,5.9206,5.837,5.7534,5.6698,5.5861
10.313,10.2305,9.9909,9.9166,9.6522,9.5448,9.5614,9.3797,9.2393,9.2146,9.1816,9.1073,8.9669,9.1571,9.1903,9.5706,9.5789,10.0419,10.5049,10.7943,11.4639,12.2823,13.142,13.7786,14.5474,15.6551,16.1346,16.7629,16.73,16.4408,15.7548,14.4324,13.1265,11.6883,10.275,9.0435,7.9277,7.1343,6.6467,6.3823,6.2584,6.1759,6.0933,6.0107,5.9282,5.8456,5.7631,5.6805,5.5979,5.5154
9.9339,9.7385,9.6591,9.4547,9.4914,9.296,9.1363,9.1015,9.0667,8.9427,8.908,8.8643,8.9098,9.2678,9.2241,9.5463,9.8418,10.1551,11.0664,11.2369,12.2195,12.4971,13.5155,14.1947,14.9097,15.5621,16.2056,16.8402,16.5288,16.4583,15.656,13.6935,12.6324,10.8841,9.698,8.3335,7.5401,6.7913,6.3282,6.1328,6.0177,5.9383,5.8589,5.7795,5.7002,5.6208,5.5414,5.462,5.3826,5.3032
9.416,9.341,9.1983,8.988,9.0096,8.7896,8.7822,8.5526,8.6031,8.557,8.7234,8.716,8.9307,9.2034,9.3988,9.4396,10.0021,10.6901,11.1076,12.0178,12.4933,13.7125,14.1204,14.905,15.8248,15.8947,16.5923,16.7201,16.2683,15.4592,14.1478,13.2228,11.8727,10.3971,8.9409,7.726,6.9362,6.3879,5.9554,5.7935,5.6894,5.6144,5.5393,5.4643,5.3892,5.3142,5.2391,5.1641,5.089,5.0139
9.0467,8.9446,8.8636,8.6343,8.5533,8.4194,8.402,8.4059,8.4734,8.5727,8.5977,8.7182,8.8811,9.3515,9.7158,9.8575,10.4126,11.0102,11.8622,12.4916,13.0149,13.9941,15.1006,15.2846,16.2533,16.2041,16.4624,16.0316,15.357,14.7778,14.1562,12.8455,10.9304,9.8212,8.362,7.2209,6.4085,5.9035,5.5787,5.4129,5.332,5.2617,5.1913,5.121,5.0506,4.9803,4.91,4.8396,4.7693,4.6989
10.4598,10.61,10.5264,10.2651,10.3592,10.1727,10.379,10.3422,10.296,10.2965,10.4935,10.5595,10.8688,10.9161,11.1879,11.6094,12.0776,12.5178,13.2292,13.6881,13.9319,14.662,15.0086,14.6818,14.9817,15.1974,14.9641,14.7402,14.2076,13.5066,12.4783,11.609,10.085,9.4027,8.5802,7.795,7.1783,6.7766,6.5808,6.4223,6.3387,6.2551,6.1715,6.0878,6.0042,5.9206,5.837,5.7534,5.6697,5.5861
11.0741,10.8358,10.7546,10.5911,10.4725,10.2866,10.168,10.0195,9.8709,9.8197,9.6113,9.6574,9.4789,9.5475,9.5861,9.5798,9.8654,10.0387,10.2944,10.4977,11.0602,11.6602,12.1629,12.98,13.4378,14.3297,14.8249,15.8066,16.1596,16.2506,16.1919,15.6766,14.2556,13.0666,11.8252,10.479,9.0655,8.2583,7.3986,6.8684,6.7423,6.6312,6.5425,6.4539,6.3652,6.2766,6.1879,6.0993,6.0107,5.922
10.5556,10.5676,10.2497,10.1893,10.0565,9.7063,9.654,9.5936,9.3963,9.3601,9.3721,9.2634,9.0984,9.3277,9.3076,9.5288,9.5328,9.907,10.4824,10.8888,11.0377,12.0397,12.7117,13.2951,14.1925,14.9771,15.8101,16.1682,17.1702,16.4659,16.156,14.8159,13.6288,12.345,10.9888,9.19,8.3248,7.4837,6.7874,6.5741,6.4091,6.3245,6.24,6.1554,6.0709,5.9863,5.9018,5.8173,5.7327,5.6482
10.6445,10.4323,10.3162,10.0799,9.9398,9.8638,9.6436,9.5355,9.3714,9.3033,9.2514,9.2555,9.1714,9.2637,9.3399,9.6004,9.5163,9.8329,10.6943,10.6984,11.2233,11.9565,12.6897,13.3828,14.5247,15.5543,16.3596,16.54,16.7204,16.3399,16.0075,14.3931,13.4438,11.9176,10.4234,9.4901,8.004,7.1107,6.7302,6.478,6.3699,6.2859,6.2018,6.1178,6.0338,5.9497,5.8657,5.7817,5.6976,5.6136
10.2347,10.296,9.869,9.703,9.6212,9.472,9.407,9.2915,9.1423,9.1026,9.0796,8.8968,8.9328,8.9857,9.2658,9.3776,9.8008,10.1735,10.5042,11.3231,11.78,12.6999,13.1484,14.4471,14.702,15.5966,16.626,16.502,16.8495,16.1111,15.1201,14.4995,12.8519,11.1875,10.0029,8.591,7.7179,7.0973,6.502,6.3107,6.2036,6.1218,6.0399,5.9581,5.8763,5.7944,5.7126,5.6307,5.5489,5.4671
9.918,9.8856,9.4624,9.3754,9.2158,9.147,9.0419,9.0094,8.9043,8.7446,8.7758,8.7706,9.0199,9.1056,8.955,9.4859,9.9079,10.3298,11.0243,11.7915,12.6224,12.6808,14.2386,14.4424,15.5277,16.1495,16.3897,17.057,16.8973,15.4927,14.3517,13.3196,11.9423,10.8103,9.3603,8.201,7.1599,6.5732,6.1591,6.0085,5.9033,5.8255,5.7476,5.6697,5.5918,5.514,5.4361,5.3582,5.2803,5.2025
9.55,9.4844,9.2536,9.0714,9.0544,8.9305,8.8843,8.8186,8.7433,8.6874,8.6703,8.8476,8.8694,9.3283,9.3695,9.8382,10.6468,10.552,11.5452,12.1013,12.6865,13.4465,14.022,14.9375,15.649,16.0496,16.4114,16.6663,15.9887,15.7677,14.245,13.0817,11.2093,9.9877,8.9119,7.7292,6.8864,6.3351,6.0072,5.7959,5.7108,5.6355,5.5602,5.4848,5.4095,5.3341,5.2588,5.1835,5.1081,5.0328
11.0874,11.0723,10.9356,10.8977,10.7457,10.7154,10.6014,10.5787,10.8983,10.6855,10.4194,10.8378,10.9977,11.0815,11.4315,11.8499,11.9641,12.702,12.6033,13.4705,13.9269,13.9803,14.9616,15.304,15.1672,15.5933,15.0762,14.6732,14.6961,13.8064,12.6656,11.8367,10.7568,9.6236,8.8936,8.2928,7.8594,7.4793,7.1371,7.0156,6.9092,6.8181,6.7269,6.6358,6.5446,6.4535,6.3623,6.2712,6.18,6.0889
11.1417,11.0878,10.939,10.7903,10.627,10.5147,10.3222,10.2172,10.134,9.927,9.924,9.8482,9.6922,9.6747,9.7155,9.6542,9.8262,10.2024,10.4182,10.4736,10.9883,11.7144,11.8937,12.8604,13.4698,14.3126,14.9512,15.7357,16.1701,16.4953,15.8143,15.3302,14.2264,13.0425,12.0991,10.2662,9.0239,8.3211,7.4142,7.0467,6.8615,6.7638,6.6734,6.5829,6.4925,6.4021,6.3117,6.2213,6.1308,6.0404
10.5658,10.3524,10.4122,10.1827,10.1139,9.8684,9.6308,9.5781,9.5013,9.4727,9.2352,9.2146,9.2663,9.1654,9.4662,9.4215,9.6179,10.0392,10.5006,10.7291,11.3031,12.1422,12.3787,13.6275,14.1613,15.3379,15.3333,16.1724,17.0115,16.2357,16.3839,15.126,13.3459,12.0157,10.8061,9.4919,8.226,7.386,6.7548,6.5253,6.4324,6.3475,6.2627,6.1778,6.093,6.0081,5.9233,5.8384,5.7536,5.6687
10.617,10.3693,10.2611,10.0134,9.7083,9.6657,9.5738,9.5065,9.3572,9.2325,9.1817,9.221,9.2439,9.1766,9.2159,9.4274,9.7373,10.0718,10.1767,10.9376,11.4443,12.7135,12.6626,13.5629,15.1109,15.5438,15.8455,16.5408,16.8343,16.7178,15.7896,14.3694,12.9,11.6684,10.3056,9.0903,8.1047,7.1437,6.6664,6.4679,6.3433,6.2596,6.1759,6.0922,6.0086,5.9249,5.8412,5.7575,5.6738,5.5902
10.0273,9.8938,9.6182,9.6002,9.4489,9.4752,9.3151,9.1017,9.0303,9.0389,8.9054,9.0205,9.1535,9.162,9.2239,9.4279,9.8538,10.2265,10.8123,11.0252,12.0284,12.5787,13.3244,13.9635,14.9134,16.0143,15.9341,16.8041,16.6173,16.3506,15.4444,14.1121,12.2557,11.0388,10.0616,8.747,7.6455,6.9436,6.4105,6.1793,6.0813,6.0011,5.9208,5.8406,5.7604,5.6802,5.5999,5.5197,5.4395,5.3593
9.4936,9.5444,9.207,9.0151,8.9204,8.9032,8.6823,8.6846,8.7548,8.6989,8.6526,8.7229,8.8707,8.8148,9.3703,9.6735,9.734,10.7068,10.8159,11.8664,12.7034,13.7636,14.4161,14.3699,15.3816,15.9953,16.8517,16.5046,16.4778,16.1792,14.3762,13.272,11.7796,10.1805,9.154,7.9042,6.868,6.385,6.0185,5.8072,5.7125,5.6371,5.5618,5.4864,5.411,5.3357,5.2603,5.185,5.1096,5.0342
9.2128,9.0262,8.8187,8.6948,8.623,8.6767,8.3961,8.502,8.6287,8.3794,8.5271,8.7375,9.021,9.2314,9.5567,10.1849,10.552,11.1489,11.5683,12.1025,12.9606,13.8709,14.238,15.1275,15.5259,16.4049,16.6989,16.1257,16.3883,14.8017,14.1554,12.6002,11.4628,9.7613,8.624,7.3613,6.7672,5.9746,5.7358,5.5387,5.4357,5.3639,5.2922,5.2205,5.1488,5.0771,5.0054,4.9337,4.862,4.7903
9.475,9.5016,9.4161,9.4326,9.2247,9.2922,9.2577,9.1926,9.3621,9.4601,9.5684,9.7277,9.9787,10.342,11.0009,10.6707,11.1257,12.2844,12.6885,13.9492,13.6903,14.4818,14.6819,15.2593,15.6429,15.6492,15.5433,15.774,14.4749,13.3083,12.4375,11.3424,10.0942,9.0399,8.3527,7.2575,6.6927,6.1279,5.9404,5.7937,5.7082,5.6329,5.5576,5.4823,5.407,5.3317,5.2564,5.1811,5.1058,5.0305
11.0582,10.8776,10.6274,10.4778,10.3203,10.2944,10.0983,9.9487,9.799,9.6106,9.5924,9.6283,9.556,9.5146,9.4268,9.7101,9.6919,9.9212,10.3437,10.658,10.8563,11.5805,12.1345,12.9283,13.6137,14.1832,15.0852,15.7166,16.2706,16.9097,16.2651,15.0638,14.481,12.9936,11.6453,10.5212,9.2271,8.1263,7.3425,6.8139,6.6719,6.5687,6.4809,6.393,6.3052,6.2174,6.1296,6.0418,5.954,5.8662
10.435,10.4414,10.1769,10.1013,9.8942,9.7365,9.6444,9.6098,9.3699,9.2778,9.1858,9.1183,9.1494,9.2297,9.2854,9.415,9.6103,9.9205,10.2718,10.8776,11.237,12.1384,12.9166,13.9903,14.2595,15.3743,15.4546,16.3642,16.7976,16.0979,16.0715,14.8547,13.3422,12.0843,11.007,9.3468,8.3188,7.2907,6.7717,6.4744,6.3577,6.2738,6.1899,6.1061,6.0222,5.9383,5.8545,5.7706,5.6867,5.6028
10.3125,10.23,9.9903,9.916,9.6516,9.5443,9.5609,9.3792,9.2387,9.214,9.1811,9.1068,8.9664,9.1566,9.1898,9.5702,9.5786,10.0416,10.5047,10.7942,11.4639,12.2824,13.1423,13.779,14.5479,15.6558,16.1354,16.7638,16.7308,16.4416,15.7556,14.433,13.1269,11.6886,10.2751,9.0434,7.9275,7.134,6.6463,6.3819,6.258,6.1755,6.0929,6.0103,5.9278,5.8452,5.7627,5.6801,5.5976,5.515
9.9334,9.738,9.6586,9.4543,9.491,9.2955,9.1358,9.1011,9.0663,8.9423,8.9076,8.8639,8.9095,9.2675,9.2238,9.5461,9.8417,10.155,11.0665,11.2371,12.2199,12.4976,13.5162,14.1956,14.9107,15.5632,16.2069,16.8417,16.5302,16.4597,15.6573,13.6944,12.6331,10.8845,9.6982,8.3334,7.5399,6.7911,6.3278,6.1324,6.0173,5.938,5.8586,5.7792,5.6998,5.6204,5.5411,5.4617,5.3823,5.3029
9.418,9.3429,9.2003,8.99,9.0115,8.7916,8.7841,8.5545,8.605,8.5589,8.7252,8.7177,8.9323,9.2048,9.4001,9.4409,10.003,10.6907,11.1081,12.0178,12.4931,13.7119,14.1196,14.9038,15.8232,15.893,16.5903,16.718,16.2664,15.4575,14.1466,13.2218,11.8722,10.3972,8.9414,7.727,6.9374,6.3892,5.9569,5.7949,5.6909,5.6158,5.5407,5.4657,5.3906,5.3155,5.2405,5.1654,5.0903,5.0152
9.1862,9.0834,9.0013,8.7739,8.6918,8.5578,8.538,8.539,8.6022,8.6966,8.7183,8.8335,8.9902,9.4479,9.8019,9.9378,10.4786,11.0609,11.8924,12.5059,13.0155,13.9716,15.0522,15.2297,16.1754,16.1244,16.3746,15.9499,15.2864,14.7164,14.1049,12.8185,10.9404,9.8513,8.4197,7.2994,6.501,6.0037,5.6828,5.5177,5.4356,5.3639,5.2922,5.2205,5.1488,5.077,5.0053,4.9336,4.8619,4.7902
9.2974,9.5035,9.4312,9.1473,9.2866,9.0918,9.3647,9.348,9.3203,9.3482,9.6099,9.7158,10.1111,10.1947,10.5455,11.0745,11.6591,12.2104,13.0845,13.658,13.9754,14.8719,15.3117,14.9499,15.3342,15.6182,15.3677,15.1284,14.5216,13.7144,12.5175,11.5099,9.7228,8.9379,7.9859,7.0785,6.3715,5.9207,5.7147,5.5533,5.481,5.4087,5.3364,5.2641,5.1918,5.1195,5.0472,4.9749,4.9026,4.8303
10.2881,10.1644,10.193,9.8494,9.7933,9.5682,9.4275,9.1939,9.1294,9.0227,9.0343,8.843,8.9392,9.0101,8.971,9.3041,9.3411,9.5558,10.2272,10.315,11.0457,11.8102,12.6846,13.4237,14.0529,15.0627,16.174,16.321,16.5949,16.7503,15.9838,15.1326,13.5878,12.1869,10.862,9.6556,8.297,7.2513,6.6454,6.3526,6.1781,6.0883,6.0069,5.9255,5.8441,5.7627,5.6813,5.5999,5.5186,5.4372
