1.206389,1.179894,1.170469,1.137145,1.129996,1.118295,1.099766,1.093755,1.064984,1.038488,1.049548,1.033295,1.053458,1.050862,1.058507,1.090051,1.088592,1.148587,1.211995,1.278818,1.40368,1.428396,1.58626,1.697466,1.718768,1.923291,2.014013,2.064903,2.169281,2.097264,1.969485,1.851947,1.661576,1.547453,1.293353,1.124604,0.954718,0.811006,0.754922,0.723875,0.71445,0.705025,0.6956,0.686175,0.67675,0.667325,0.6579,0.648475,0.63905,0.629625
1.116935,1.090582,1.077711,1.066914,1.042635,1.017318,1.006521,1.005059,0.978705,0.980354,0.950889,0.976391,0.97078,0.979688,0.998967,1.018247,1.071751,1.132515,1.153868,1.2333,1.3314,1.402535,1.519303,1.623626,1.730023,1.811529,1.867107,1.996321,2.028046,2.0131,1.768953,1.589107,1.38437,1.236674,1.071348,0.925726,0.808107,0.724712,0.693173,0.669931,0.661208,0.652486,0.643763,0.63504,0.626318,0.617595,0.608873,0.60015,0.591427,0.582705
1.203678,1.210121,1.171865,1.146217,1.151515,1.105236,1.107095,1.08947,1.077575,1.067973,1.079001,1.087737,1.086158,1.082286,1.143745,1.141019,1.186432,1.229552,1.320811,1.351323,1.489574,1.663354,1.682406,1.78971,1.94286,2.02495,2.209046,2.14672,2.102734,2.034678,1.866908,1.735814,1.616182,1.333798,1.163735,1.017741,0.887794,0.799108,0.751683,0.737496,0.727893,0.718291,0.708689,0.699086,0.689484,0.679882,0.670279,0.660677,0.651075,0.641472
1.153885,1.094159,1.096148,1.08932,1.05935,1.053624,1.052307,1.020133,1.017713,1.011988,1.010671,1.022579,1.032282,1.041986,1.061608,1.077923,1.152648,1.189903,1.272343,1.356986,1.44163,1.575866,1.641774,1.790337,1.805551,1.937583,2.051982,2.045155,1.98102,1.861783,1.764587,1.556083,1.349783,1.195279,1.054001,0.925947,0.797893,0.732657,0.705992,0.693655,0.684623,0.675592,0.66656,0.657529,0.648497,0.639466,0.630434,0.621403,0.612371,0.60334
1.20545,1.181041,1.160083,1.133373,1.121617,1.098358,1.087752,1.087498,1.081493,1.08699,1.085586,1.096834,1.110383,1.161889,1.161635,1.222343,1.245094,1.375966,1.41942,1.48933,1.616751,1.665957,1.80143,1.908147,2.059724,2.053718,2.076469,2.024455,2.042604,1.927327,1.693577,1.506986,1.321545,1.187864,1.024278,0.90785,0.82363,0.758963,0.741455,0.726248,0.716793,0.707337,0.697881,0.688425,0.678969,0.669513,0.660057,0.650601,0.641145,0.63169
0.980108,0.969406,0.950007,0.930609,0.925703,0.936256,0.901399,0.912917,0.906079,0.917597,0.91559,0.935803,0.946355,0.971399,1.024461,1.029216,1.10933,1.189443,1.297575,1.334212,1.399834,1.467388,1.499195,1.597665,1.5773,1.663211,1.64961,1.690112,1.62917,1.449394,1.301501,1.148777,1.055953,0.941874,0.820066,0.726276,0.674995,0.626613,0.607215,0.600377,0.591607,0.583802,0.575998,0.568193,0.560389,0.552584,0.54478,0.536976,0.529171,0.521367
1.104434,1.085756,1.07923,1.059446,1.069491,1.068489,1.058648,1.06096,1.076529,1.073317,1.104352,1.149749,1.15869,1.193039,1.259427,1.3225,1.344697,1.416608,1.431072,1.530602,1.577104,1.67111,1.718717,1.757485,1.883529,1.789728,1.797563,1.772256,1.641998,1.533834,1.419042,1.228022,1.093345,0.99181,0.864866,0.776588,0.7325,0.704983,0.681886,0.670941,0.662205,0.653469,0.644733,0.635998,0.627262,0.618526,0.60979,0.601054,0.592319,0.583583
1.328806,1.303579,1.285767,1.271663,1.264974,1.224917,1.204633,1.186822,1.178897,1.159849,1.150688,1.145235,1.129894,1.167695,1.179544,1.201278,1.225485,1.265757,1.341869,1.3945,1.513866,1.599864,1.664853,1.801521,2.028404,2.018008,2.200401,2.344483,2.33903,2.347171,2.241615,2.024834,1.848835,1.636997,1.407858,1.221972,1.060804,0.90705,0.827447,0.799748,0.788116,0.777719,0.767322,0.756925,0.746529,0.736132,0.725735,0.715338,0.704942,0.694545
1.224164,1.228358,1.17824,1.1651,1.161205,1.11802,1.126837,1.096363,1.101713,1.078173,1.0893,1.062294,1.057243,1.09726,1.134966,1.135693,1.194199,1.242305,1.313523,1.380118,1.468669,1.547976,1.695461,1.818679,1.924564,2.066272,2.190646,2.161328,2.21059,2.125804,1.93355,1.72974,1.581398,1.377588,1.198046,1.03237,0.900206,0.800398,0.759524,0.742918,0.733245,0.723572,0.713899,0.704226,0.694553,0.68488,0.675208,0.665535,0.655862,0.646189
1.141431,1.1378,1.1209,1.105105,1.077147,1.082363,1.069886,1.045245,1.042721,1.032455,1.021084,1.032935,1.039257,1.059955,1.090605,1.095821,1.162963,1.173708,1.22758,1.377658,1.45807,1.504201,1.64875,1.812098,1.856018,1.997249,1.984772,2.054126,2.065977,1.97167,1.798849,1.629346,1.443256,1.288129,1.09098,0.955758,0.833805,0.759402,0.717068,0.703485,0.696538,0.685166,0.676007,0.666847,0.657688,0.648528,0.639369,0.630209,0.62105,0.61189
1.221874,1.208746,1.157209,1.1499,1.139099,1.12248,1.109351,1.095059,1.09357,1.083933,1.085935,1.08561,1.095759,1.123367,1.137009,1.191386,1.229469,1.293157,1.371977,1.463599,1.538926,1.657318,1.815282,1.825431,1.969429,2.158818,2.122411,2.252442,2.084516,1.985259,1.851086,1.64126,1.453548,1.296097,1.100237,0.963736,0.852841,0.791993,0.76257,0.740131,0.730494,0.720858,0.711221,0.701585,0.691948,0.682311,0.672675,0.663038,0.653401,0.643765
1.111526,1.08403,1.071922,1.054318,1.041111,1.034499,1.02349,1.017977,0.995977,1.002554,1.019024,1.033295,1.059657,1.086019,1.099192,1.169519,1.201377,1.304679,1.381602,1.427748,1.521158,1.5728,1.721167,1.761818,1.892599,1.92006,1.880473,1.958495,1.799102,1.688071,1.561652,1.397863,1.22418,1.115348,0.955955,0.854816,0.767966,0.714091,0.689893,0.676685,0.667875,0.659064,0.650254,0.641443,0.632633,0.623822,0.615011,0.606201,0.59739,0.58858
1.430041,1.408537,1.404328,1.359763,1.359878,1.348462,1.35146,1.351575,1.35169,1.363335,1.380746,1.409687,1.428539,1.473334,1.538308,1.632107,1.642311,1.71305,1.916388,1.942446,2.112634,2.15743,2.31897,2.311878,2.350908,2.440384,2.38573,2.329634,2.269215,2.079078,1.927857,1.746368,1.54326,1.3488,1.161547,1.053564,0.961436,0.916871,0.88816,0.878186,0.865329,0.853914,0.842499,0.831083,0.819668,0.808252,0.796837,0.785422,0.774006,0.762591
1.251166,1.252828,1.218757,1.207658,1.223358,1.199497,1.215197,1.204097,1.230006,1.25464,1.274168,1.293697,1.366824,1.383801,1.499042,1.467524,1.5113,1.584427,1.670317,1.747273,1.876552,1.869281,1.925819,2.009156,2.041446,2.015032,1.982238,1.877978,1.790308,1.705191,1.47459,1.411167,1.215023,1.127353,0.982255,0.881824,0.82223,0.795816,0.769403,0.754474,0.744651,0.734828,0.725004,0.715181,0.705358,0.695534,0.685711,0.675887,0.666064,0.656241
1.245081,1.21131,1.191293,1.20222,1.148966,1.138117,1.119245,1.100374,1.102133,1.085553,1.080435,1.070733,1.071345,1.081126,1.0783,1.128195,1.156314,1.195894,1.25725,1.291099,1.389131,1.515815,1.587486,1.750845,1.830538,1.945761,2.095368,2.165892,2.214641,2.147633,2.019882,1.890984,1.711658,1.541501,1.327792,1.103768,0.953094,0.852849,0.774381,0.749779,0.735492,0.725789,0.716087,0.706384,0.696681,0.686979,0.677276,0.667574,0.657871,0.648169
1.558731,1.496461,1.515037,1.492455,1.450764,1.444352,1.41883,1.383019,1.376606,1.364314,1.352022,1.370598,1.373005,1.41951,1.408687,1.443432,1.528155,1.599649,1.707891,1.801433,1.896445,2.041435,2.08206,2.306426,2.344111,2.634624,2.65761,2.829059,2.73739,2.664831,2.457038,2.266885,2.079671,1.757224,1.511214,1.299011,1.154426,1.00543,0.966679,0.944097,0.931805,0.919513,0.90722,0.894928,0.882636,0.870343,0.858051,0.845759,0.833466,0.821174
1.251931,1.241868,1.246038,1.214626,1.184399,1.176708,1.152412,1.145907,1.142961,1.129339,1.125206,1.137679,1.146593,1.16974,1.182212,1.191126,1.288996,1.34298,1.432547,1.443833,1.555936,1.704806,1.818095,1.952732,2.061276,2.181681,2.285481,2.241022,2.181144,2.095172,1.981921,1.769039,1.568018,1.377672,1.200373,1.023074,0.919311,0.820292,0.787694,0.772886,0.762823,0.75276,0.742697,0.732634,0.722571,0.712508,0.702445,0.692382,0.682318,0.672255
1.15148,1.150089,1.112953,1.100392,1.080012,1.065216,1.062708,1.051264,1.053223,1.041779,1.041505,1.046816,1.063296,1.088713,1.092907,1.18311,1.237569,1.255167,1.337551,1.41435,1.507904,1.637202,1.695012,1.836597,1.884354,2.004716,2.071462,2.027624,1.987138,1.914258,1.708456,1.566322,1.347115,1.193811,1.042742,0.906193,0.82326,0.753732,0.721065,0.707386,0.698176,0.688966,0.679755,0.670545,0.661335,0.652124,0.642914,0.633704,0.624494,0.615283
1.270908,1.231068,1.212351,1.218484,1.178644,1.173594,1.162332,1.153555,1.153475,1.17079,1.17568,1.184298,1.201614,1.233839,1.288429,1.314442,1.403822,1.48202,1.612403,1.658296,1.779981,1.823389,1.988562,2.025757,2.11141,2.143635,2.204438,2.099988,2.080029,1.934576,1.725756,1.584031,1.365271,1.201182,1.028394,0.940097,0.859255,0.804505,0.780818,0.769555,0.759536,0.749516,0.739496,0.729476,0.719457,0.709437,0.699417,0.689398,0.679378,0.669358
1.26652,1.248805,1.234914,1.227396,1.21223,1.202163,1.202293,1.178205,1.193631,1.197585,1.224483,1.232261,1.301223,1.323022,1.357568,1.38829,1.495492,1.563179,1.695875,1.689631,1.855468,1.873443,1.999765,2.090396,2.158083,2.107227,2.056371,2.076895,1.939362,1.826047,1.601836,1.446457,1.320396,1.172665,1.046603,0.92564,0.853114,0.815005,0.784543,0.773201,0.763134,0.753066,0.742999,0.732932,0.722865,0.712798,0.70273,0.692663,0.682596,0.672529
1.367625,1.349876,1.343378,1.342506,1.344447,1.337949,1.349734,1.346049,1.385961,1.382276,1.394061,1.429755,1.458416,1.570054,1.586058,1.670974,1.764329,1.77752,1.828684,1.957198,2.015393,2.027178,2.166943,2.149194,2.139883,2.176983,2.105793,2.05851,1.918407,1.73752,1.587572,1.45872,1.296115,1.119447,1.072164,0.947532,0.891811,0.854373,0.838031,0.823095,0.812378,0.801661,0.790944,0.780227,0.769511,0.758794,0.748077,0.73736,0.726643,0.715926
22.749261,22.297166,22.116502,21.555835,21.411362,21.194506,20.869078,20.742703,20.254416,19.802321,19.947374,19.658136,19.947952,19.875859,19.966625,20.437394,20.383397,21.306548,22.283988,23.315715,25.270301,25.632498,28.111851,29.849294,30.157206,33.378466,34.790195,35.568586,37.197454,36.021544,33.958964,32.05924,29.001416,27.155979,23.084811,20.370798,17.638689,15.322772,14.400198,13.875723,13.695058,13.514394,13.333729,13.153066,12.972401,12.791737,12.611072,12.430408,12.249743,12.069079
1.434628,1.40434,1.388495,1.374873,1.346807,1.31763,1.304007,1.300385,1.270097,1.269807,1.236186,1.26145,1.253383,1.260871,1.279469,1.298067,1.35333,1.41637,1.43719,1.52023,1.623268,1.697419,1.820456,1.93016,2.042087,2.127348,2.184833,2.321203,2.353134,2.335067,2.071458,1.876734,1.655345,1.495064,1.315895,1.157836,1.029775,0.938379,0.902536,0.875581,0.864181,0.85278,0.84138,0.82998,0.81858,0.80718,0.795779,0.784379,0.772979,0.761579
26.702225,26.794929,26.029398,25.505933,25.576635,24.657059,24.661742,24.29232,24.032929,23.817549,23.998282,24.135,24.073663,23.968314,25.117316,25.033973,25.874889,26.67179,28.392951,28.947785,31.571195,34.876796,35.211572,37.240817,40.150306,41.695417,45.199075,43.971409,43.095849,41.758156,38.505933,35.957906,33.62994,28.177102,24.880868,22.046759,19.520737,17.786936,16.845354,16.541951,16.326573,16.111194,15.895815,15.680436,15.465057,15.249677,15.034298,14.818919,14.60354,14.38816
1.453831,1.389134,1.389105,1.379838,1.34632,1.338207,1.334713,1.298886,1.294238,1.286125,1.282632,1.292995,1.301049,1.309104,1.327551,1.342534,1.41872,1.455644,1.539914,1.626493,1.713072,1.851617,1.918565,2.072121,2.085949,2.222184,2.339942,2.330675,2.261359,2.134304,2.030344,1.809752,1.59147,1.427462,1.277311,1.141018,1.004725,0.934254,0.904201,0.889159,0.877582,0.866005,0.854428,0.842851,0.831274,0.819697,0.80812,0.796543,0.784966,0.773389
3.198709,3.136587,3.082969,3.015177,2.984236,2.924949,2.896842,2.894247,2.877479,2.889058,2.883628,2.90938,2.940801,3.065764,3.063169,3.21081,3.264909,3.585462,3.690584,3.860902,4.172951,4.292246,4.624138,4.885165,5.256742,5.239974,5.294072,5.163918,5.206678,4.920619,4.342593,3.880787,3.421816,3.090404,2.68529,2.396397,2.186874,2.02554,1.980425,1.94098,1.915708,1.890436,1.865164,1.839893,1.814621,1.789349,1.764077,1.738805,1.713533,1.688261
1.438077,1.422957,1.397343,1.371728,1.363603,1.374134,1.329864,1.34156,1.331103,1.3428,1.338172,1.360362,1.370892,1.398911,1.460743,1.464278,1.558756,1.653234,1.781524,1.823535,1.900524,1.979845,2.016026,2.132657,2.105877,2.207351,2.188732,2.235407,2.159657,1.940496,1.759811,1.573297,1.45907,1.319194,1.169989,1.054598,0.990507,0.929915,0.904301,0.893844,0.881055,0.869432,0.857809,0.846187,0.834564,0.822941,0.811318,0.799695,0.788072,0.77645
2.815502,2.770549,2.753034,2.705587,2.725489,2.720446,2.695448,2.697889,2.730262,2.720231,2.787526,2.887248,2.904655,2.979433,3.126548,3.266181,3.313521,3.473108,3.502987,3.724935,3.827151,4.036627,4.141338,4.226093,4.507906,4.293335,4.308247,4.248328,3.951441,3.704442,3.442477,3.008398,2.701533,2.469501,2.180097,1.977998,1.875674,1.810765,1.755835,1.728343,1.70584,1.683336,1.660833,1.63833,1.615826,1.593323,1.57082,1.548316,1.525813,1.50331
1.651409,1.622892,1.602062,1.585076,1.575776,1.531885,1.508493,1.487663,1.477083,1.454971,1.443109,1.435091,1.416823,1.453646,1.463564,1.483731,1.50646,1.545845,1.622384,1.67458,1.795959,1.882747,1.947755,2.087071,2.319911,2.306768,2.493487,2.640489,2.632471,2.638545,2.526753,2.299655,2.114836,1.892864,1.652954,1.457886,1.288441,1.126683,1.041795,1.010716,0.996291,0.983148,0.970005,0.956862,0.943719,0.930576,0.917433,0.90429,0.891147,0.878004
1.976296,1.979884,1.907498,1.886839,1.879112,1.816424,1.826478,1.781572,1.786777,1.75157,1.764856,1.7248,1.715456,1.769154,1.81962,1.818358,1.89792,1.962934,2.060277,2.151154,2.272744,2.381402,2.585431,2.755515,2.901352,3.097299,3.269,3.22571,3.29234,3.17146,2.900249,2.612874,2.403088,2.115713,1.862283,1.62825,1.441096,1.299202,1.239748,1.214239,1.19843,1.18262,1.16681,1.151001,1.135191,1.119382,1.103572,1.087762,1.071953,1.056143
2.413587,2.404829,2.370317,2.33795,2.281977,2.290387,2.26446,2.214924,2.208312,2.186677,2.162896,2.184184,2.194741,2.233198,2.290971,2.299382,2.427978,2.44712,2.549962,2.83952,2.99387,3.08169,3.360517,3.675829,3.759356,4.031746,4.005818,4.138706,4.159994,3.97525,3.638129,3.307446,2.944571,2.641788,2.257451,1.9933,1.754902,1.608789,1.524915,1.496841,1.481644,1.457863,1.438374,1.418885,1.399396,1.379906,1.360417,1.340928,1.321439,1.30195
1.27302,1.259796,1.213325,1.205139,1.19393,1.177684,1.16446,1.150229,1.14708,1.136879,1.136753,1.134612,1.141538,1.163577,1.173526,1.218737,1.249843,1.303115,1.369484,1.446935,1.510281,1.610905,1.745784,1.75271,1.875499,2.03758,2.004207,2.114906,1.967684,1.879906,1.761902,1.578411,1.414062,1.275908,1.104507,0.984488,0.886635,0.832103,0.804775,0.783491,0.77329,0.763089,0.752887,0.742686,0.732485,0.722284,0.712083,0.701882,0.69168,0.681479
1.448016,1.416244,1.401038,1.379916,1.363526,1.354237,1.340215,1.332109,1.306253,1.311163,1.326724,1.339917,1.366127,1.392337,1.404347,1.47789,1.510017,1.619058,1.699701,1.74721,1.845602,1.899029,2.056586,2.098179,2.236804,2.264197,2.219408,2.301234,2.127464,2.005761,1.86749,1.688988,1.499835,1.380498,1.206728,1.095674,1.000003,0.939832,0.911609,0.89522,0.883564,0.871908,0.860253,0.848597,0.836941,0.825285,0.813629,0.801973,0.790317,0.778661
1.473564,1.453071,1.447253,1.407192,1.405043,1.393111,1.393407,1.391258,1.389109,1.396744,1.40927,1.43158,1.445329,1.481091,1.533975,1.611317,1.617729,1.675504,1.84579,1.865653,2.007812,2.043574,2.178395,2.170131,2.201001,2.274675,2.226054,2.17621,2.122697,1.95912,1.828561,1.672321,1.497737,1.330491,1.169359,1.075489,0.995072,0.955012,0.928404,0.917694,0.904539,0.892606,0.880673,0.868741,0.856808,0.844875,0.832943,0.82101,0.809078,0.797145
1.607469,1.60675,1.568305,1.554112,1.568214,1.540547,1.554649,1.540456,1.565336,1.588868,1.607012,1.625155,1.699886,1.715335,1.834528,1.798778,1.842521,1.917252,2.005457,2.08423,2.218245,2.208094,2.26531,2.35082,2.382437,2.352076,2.314978,2.20243,2.107397,2.015058,1.769124,1.69969,1.490133,1.3951,1.239437,1.130931,1.065539,1.035178,1.004818,0.986583,0.973737,0.960892,0.948046,0.935201,0.922355,0.90951,0.896664,0.883819,0.870974,0.858128
1.368635,1.335691,1.315368,1.323445,1.27262,1.260712,1.241442,1.222172,1.221834,1.204668,1.198019,1.187163,1.185774,1.192799,1.188254,1.232094,1.255948,1.290321,1.344679,1.373793,1.461809,1.576121,1.639945,1.787915,1.859102,1.962896,2.098244,2.161017,2.203804,2.140356,2.021162,1.900916,1.73439,1.576278,1.378197,1.170649,1.030418,0.936468,0.862502,0.837973,0.82291,0.812054,0.801198,0.790343,0.779487,0.768631,0.757775,0.746919,0.736064,0.725208
22.942579,22.117663,22.330948,22.015693,21.455047,21.347431,20.994424,20.509284,20.40167,20.218551,20.035432,20.248715,20.254359,20.826295,20.662051,21.082978,22.145699,23.038534,24.403278,25.579257,26.774115,28.610768,29.107198,31.963177,32.421854,36.127271,36.397185,38.573612,37.371169,36.414117,33.720439,31.253275,28.823867,24.657831,21.473366,18.723057,16.841064,14.902441,14.379546,14.064292,13.881173,13.698053,13.514934,13.331814,13.148695,12.965575,12.782456,12.599336,12.416217,12.233096
1.692993,1.679255,1.682302,1.643387,1.605871,1.59493,1.564408,1.554866,1.549521,1.531587,1.524843,1.537681,1.546323,1.57175,1.584588,1.59323,1.706778,1.768572,1.872328,1.883767,2.0141,2.187793,2.319523,2.476432,2.602568,2.742691,2.863232,2.808931,2.736446,2.633189,2.497761,2.24484,2.005905,1.779559,1.5686,1.35764,1.233402,1.114759,1.074445,1.055113,1.041375,1.027637,1.013899,1.000162,0.986424,0.972686,0.958948,0.945211,0.931473,0.917735
1.446321,1.442723,1.401963,1.386752,1.363412,1.345879,1.341119,1.327069,1.326955,1.312905,1.310468,1.313837,1.328819,1.353091,1.355299,1.446925,1.50139,1.517534,1.601031,1.678721,1.773831,1.906101,1.964051,2.109095,2.156593,2.279573,2.346812,2.299085,2.254842,2.176923,1.960811,1.810893,1.580846,1.419315,1.260106,1.115994,1.027623,0.953187,0.917073,0.9007,0.888973,0.877246,0.865519,0.853791,0.842064,0.830337,0.81861,0.806882,0.795155,0.783428
21.513245,20.871891,20.563918,20.648152,20.006798,19.914541,19.724228,19.573137,19.559318,19.820047,19.884669,20.008125,20.268851,20.764905,21.613945,22.011945,23.410079,24.631716,26.676995,27.388762,29.296766,29.969311,32.563681,33.138176,34.477476,34.973532,35.920622,34.25953,33.931943,31.623704,28.315335,26.065927,22.600673,19.99828,17.258612,15.852453,14.563958,13.687281,13.300864,13.110553,12.939851,12.769149,12.598447,12.427746,12.257044,12.086342,11.915641,11.744939,11.574238,11.403535
1.918729,1.893392,1.873001,1.860855,1.838816,1.823372,1.821119,1.787537,1.805071,1.807765,1.840139,1.847779,1.934566,1.960344,2.002612,2.039932,2.176185,2.261324,2.430555,2.420058,2.63216,2.652992,2.813979,2.928797,3.013935,2.945727,2.877518,2.901648,2.721315,2.572311,2.279854,2.076437,1.910945,1.717421,1.551929,1.393032,1.296792,1.245073,1.203247,1.186154,1.17071,1.155266,1.139822,1.124378,1.108934,1.09349,1.078046,1.062602,1.047159,1.031715
1.596241,1.57678,1.568074,1.564746,1.564106,1.5554,1.564171,1.558154,1.593813,1.587796,1.596567,1.628193,1.653097,1.75732,1.770124,1.848804,1.93555,1.945666,1.99208,2.112436,2.165572,2.174343,2.305454,2.285993,2.274598,2.307569,2.237021,2.189327,2.052904,1.877492,1.731658,1.60599,1.448056,1.276678,1.228985,1.10735,1.05159,1.013307,0.99519,0.978418,0.965679,0.95294,0.940201,0.927461,0.914722,0.901983,0.889244,0.876505,0.863766,0.851026
1.598709,1.566936,1.55424,1.514837,1.504684,1.489445,1.466575,1.457694,1.423378,1.391605,1.401801,1.381474,1.401844,1.396778,1.403158,1.436245,1.432452,1.497333,1.566029,1.638541,1.775912,1.801369,1.975621,2.097731,2.119373,2.345767,2.444986,2.499693,2.614172,2.53153,2.386571,2.253057,2.038152,1.908454,1.62233,1.431588,1.239573,1.07681,1.011972,0.975112,0.962416,0.94972,0.937024,0.924328,0.911632,0.898935,0.886239,0.873543,0.860847,0.848151
1.475963,1.444476,1.428111,1.414074,1.384913,1.354588,1.34055,1.336984,1.305495,1.305419,1.27044,1.297121,1.288901,1.296968,1.316668,1.336369,1.394461,1.460697,1.482725,1.569902,1.678019,1.755889,1.884948,2.000045,2.11747,2.206974,2.267393,2.410412,2.444073,2.425382,2.149584,1.945915,1.714326,1.546722,1.359341,1.194064,1.060198,0.964724,0.927419,0.899421,0.88771,0.876,0.864289,0.852579,0.840868,0.829157,0.817447,0.805736,0.794026,0.782315
3.547053,3.559347,3.457691,3.388174,3.397546,3.275438,3.276044,3.22698,3.192525,3.163914,3.187895,3.206032,3.197873,3.18387,3.33641,3.325329,3.436963,3.542755,3.771261,3.844912,4.193211,4.632086,4.676519,4.94593,5.332212,5.537344,6.002515,5.839501,5.723236,5.545613,5.113795,4.775474,4.466371,3.742375,3.304713,2.928409,2.59301,2.362795,2.237765,2.197466,2.168855,2.140243,2.111632,2.083021,2.054409,2.025798,1.997186,1.968575,1.939964,1.911352
1.523884,1.453623,1.45418,1.44462,1.408504,1.400209,1.396972,1.358326,1.353825,1.34553,1.342293,1.354231,1.363641,1.37305,1.393841,1.410838,1.494859,1.535883,1.628756,1.724159,1.819561,1.971871,2.045775,2.214525,2.230257,2.380038,2.509584,2.500024,2.424705,2.286156,2.172898,1.931916,1.693462,1.514446,1.350604,1.201938,1.053271,0.976687,0.944365,0.928482,0.916393,0.904304,0.892215,0.880126,0.868037,0.855948,0.843859,0.83177,0.819681,0.807592
1.68219,1.649508,1.6213,1.585634,1.569361,1.538171,1.523389,1.522034,1.51322,1.519323,1.516476,1.530038,1.546583,1.612357,1.611001,1.688709,1.717188,1.885893,1.941225,2.030866,2.195096,2.257886,2.432557,2.569935,2.765491,2.756677,2.785157,2.716672,2.739185,2.588654,2.284472,2.041452,1.799924,1.625524,1.41234,1.260317,1.150063,1.065169,1.041437,1.020689,1.007399,0.99411,0.98082,0.967531,0.954241,0.940952,0.927662,0.914373,0.901083,0.887794
3.931997,3.890058,3.817112,3.744164,3.722897,3.756753,3.628682,3.665984,3.637825,3.675127,3.664195,3.732503,3.766359,3.851894,4.037342,4.050526,4.332441,4.614355,4.996182,5.123059,5.353295,5.590421,5.700073,6.047447,5.971055,6.273641,6.221365,6.362025,6.140932,5.496074,4.964908,4.416517,4.081731,3.67115,3.233007,2.894776,2.708136,2.531831,2.458885,2.430726,2.395677,2.364074,2.33247,2.300867,2.269263,2.237659,2.206056,2.174452,2.142848,2.111245
1.991609,1.959817,1.947426,1.91387,1.927934,1.92436,1.906678,1.908395,1.931277,1.924177,1.971749,2.042249,2.054548,2.107412,2.211421,2.310139,2.343602,2.45643,2.477548,2.634466,2.70673,2.854831,2.928858,2.988776,3.188022,3.036302,3.046838,3.004465,2.794544,2.619897,2.434668,2.127748,1.910773,1.746708,1.542078,1.399177,1.326821,1.28092,1.242074,1.222628,1.206709,1.190791,1.174872,1.158953,1.143034,1.127115,1.111196,1.095278,1.079359,1.06344
3.624891,3.563456,3.518268,3.481204,3.460388,3.366458,3.315854,3.270666,3.247142,3.199246,3.173014,3.154906,3.115134,3.191802,3.211604,3.25307,3.299951,3.382035,3.542649,3.651812,3.907203,4.08948,4.225722,4.519023,5.010002,4.981062,5.374556,5.684106,5.665996,5.677675,5.440225,4.959064,4.567263,4.096933,3.588693,3.175229,2.815923,2.472865,2.292282,2.225431,2.193783,2.164842,2.135902,2.106962,2.078022,2.049081,2.020141,1.991201,1.962261,1.933321
2.195958,2.19995,2.119505,2.096548,2.087965,2.018298,2.029476,1.979572,1.985361,1.946235,1.961007,1.916492,1.906112,1.965797,2.02189,2.020492,2.108922,2.181184,2.289377,2.390383,2.525523,2.646292,2.873057,3.062095,3.224184,3.441967,3.632801,3.584693,3.65875,3.524408,3.222985,2.903597,2.670444,2.351056,2.069396,1.809294,1.601292,1.443594,1.377521,1.349175,1.331608,1.314042,1.296475,1.278909,1.261343,1.243776,1.22621,1.208643,1.191076,1.17351
2.904182,2.893639,2.852117,2.813177,2.745838,2.755948,2.724752,2.665159,2.657197,2.631165,2.60255,2.62815,2.640841,2.687093,2.756579,2.766689,2.921368,2.944386,3.068086,3.416385,3.602043,3.707672,4.043063,4.42234,4.522806,4.850452,4.819256,4.979099,5.004698,4.782464,4.376937,3.979154,3.542647,3.178426,2.716103,2.39835,2.111576,1.935811,1.834911,1.801134,1.782846,1.754232,1.730781,1.70733,1.683879,1.660428,1.636976,1.613525,1.590074,1.566623
20.083395,19.871737,19.090264,18.96494,18.787816,18.524358,18.312698,18.083772,18.044784,17.884929,17.897741,17.876022,18.009705,18.402396,18.587882,19.377715,19.925811,20.853782,22.006228,23.348611,24.449252,26.188779,28.515388,28.64907,30.768476,33.561295,33.004296,34.916494,32.408307,30.918881,28.911441,25.781637,22.979911,20.627131,17.704532,15.662558,14.000462,13.080851,12.627452,12.277657,12.117799,11.957943,11.798086,11.638228,11.478371,11.318513,11.158657,10.998799,10.838942,10.679085
2.111296,2.060563,2.037774,2.005005,1.98022,1.967411,1.946618,1.935805,1.895052,1.906195,1.935302,1.960417,2.007488,2.054559,2.077678,2.204589,2.261641,2.448432,2.58732,2.670319,2.839146,2.932125,3.200753,3.273772,3.510464,3.559531,3.486842,3.627725,3.337471,3.135042,2.904668,2.60643,2.290228,2.091791,1.801537,1.617072,1.458554,1.359917,1.315172,1.290387,1.273586,1.256785,1.239984,1.223182,1.206381,1.18958,1.172779,1.155978,1.139177,1.122376
3.114671,3.068151,3.058702,2.962755,2.962573,2.937678,2.943674,2.943493,2.943311,2.967844,3.004733,3.066336,3.106314,3.201898,3.340731,3.541349,3.562792,3.713983,4.149382,4.204806,4.569153,4.664737,5.010549,4.994921,5.078148,5.269499,5.151927,5.031265,4.901336,4.493378,4.168827,3.779404,3.343642,2.926415,2.524635,2.292761,2.094869,1.998922,1.936956,1.91515,1.887165,1.86227,1.837374,1.812479,1.787584,1.762688,1.737793,1.712898,1.688002,1.663107
2.771404,2.771507,2.702718,2.678216,2.705384,2.656278,2.683446,2.658944,2.705796,2.750187,2.784735,2.819284,2.957171,2.986799,3.205881,3.142012,3.22331,3.361197,3.523688,3.668956,3.915102,3.897982,4.003884,4.161454,4.220607,4.166581,4.100252,3.89614,3.724012,3.556806,3.109111,2.983732,2.602468,2.430341,2.147494,1.950763,1.832765,1.778738,1.724712,1.692829,1.670788,1.648748,1.626707,1.604666,1.582625,1.560584,1.538543,1.516502,1.494461,1.47242
0.436288,0.425965,0.419559,0.421965,0.406094,0.402299,0.396219,0.390139,0.389934,0.384507,0.382344,0.378875,0.378344,0.380424,0.378913,0.392416,0.399718,0.410284,0.427051,0.435984,0.463195,0.498566,0.51827,0.564085,0.586074,0.61818,0.660078,0.679456,0.692633,0.672845,0.635759,0.598347,0.546574,0.497412,0.435848,0.371346,0.327733,0.29848,0.275429,0.267717,0.262943,0.259474,0.256005,0.252536,0.249068,0.245599,0.24213,0.238662,0.235193,0.231724
2.198833,2.119672,2.14018,2.109947,2.056156,2.045857,2.011999,1.965457,1.955158,1.93761,1.920062,1.940569,1.941143,1.99608,1.980344,2.020785,2.122839,2.208583,2.33963,2.452556,2.567295,2.743646,2.791335,3.065542,3.109607,3.46536,3.491303,3.700273,3.584869,3.493024,3.234461,2.997644,2.764451,2.364542,2.058864,1.794865,1.614224,1.428147,1.377981,1.347748,1.3302,1.312652,1.295104,1.277556,1.260008,1.24246,1.224912,1.207365,1.189817,1.172269
1.737328,1.723231,1.726364,1.686421,1.647915,1.636689,1.605362,1.595572,1.59009,1.571685,1.564767,1.577951,1.586827,1.612934,1.626118,1.634994,1.751559,1.814997,1.921511,1.933259,2.067054,2.24536,2.380591,2.541667,2.671154,2.815,2.938744,2.883007,2.808604,2.702613,2.563597,2.30397,2.058702,1.826357,1.609805,1.393254,1.265725,1.143939,1.102561,1.08272,1.068623,1.054526,1.040429,1.026331,1.012234,0.998137,0.98404,0.969943,0.955845,0.941748
2.222826,2.218837,2.151294,2.127444,2.089693,2.061871,2.055896,2.034033,2.036002,2.014138,2.012136,2.020063,2.04785,2.091526,2.097468,2.256334,2.351648,2.381422,2.526386,2.66142,2.826245,3.054623,3.155895,3.40612,3.489516,3.702007,3.819167,3.739708,3.666207,3.535111,3.167676,2.913445,2.522177,2.248086,1.977967,1.733666,1.584696,1.459558,1.39996,1.374124,1.356233,1.338341,1.32045,1.302559,1.284667,1.266776,1.248885,1.230993,1.213102,1.195211
4.040011,3.919543,3.8617,3.877535,3.757066,3.739747,3.704007,3.675636,3.673051,3.722041,3.734192,3.757394,3.806384,3.89958,4.059085,4.133862,4.396516,4.626016,5.010237,5.143956,5.50239,5.628741,6.116111,6.224042,6.475644,6.56884,6.746766,6.434736,6.37321,5.939613,5.318139,4.895593,4.244648,3.755793,3.241151,2.977012,2.734976,2.570301,2.497723,2.461984,2.429928,2.397873,2.365818,2.333762,2.301707,2.269651,2.237596,2.20554,2.173485,2.141429
1.554565,1.534038,1.517518,1.507677,1.489821,1.477308,1.475481,1.448275,1.462476,1.464656,1.490878,1.497065,1.567364,1.588244,1.62248,1.652709,1.763079,1.832044,1.969128,1.960622,2.132434,2.149306,2.279712,2.372719,2.441683,2.386428,2.331173,2.350717,2.204635,2.083931,1.847022,1.682241,1.54818,1.391413,1.257352,1.128634,1.050672,1.008774,0.97489,0.961042,0.948529,0.936016,0.923503,0.91099,0.898477,0.885964,0.873451,0.860938,0.848425,0.835912
3.712431,3.669292,3.647146,3.635495,3.629092,3.606946,3.618911,3.602012,3.666457,3.649559,3.661524,3.718097,3.761551,3.95982,3.979657,4.128071,4.292228,4.306817,4.392254,4.622011,4.720569,4.732534,4.983283,4.940145,4.91275,4.971948,4.829097,4.730854,4.459428,4.111906,3.822112,3.571677,3.258267,2.918617,2.820374,2.577812,2.463825,2.383951,2.343436,2.305545,2.275527,2.245508,2.21549,2.185471,2.155452,2.125434,2.095415,2.065397,2.035378,2.00536
1.19622,1.161484,1.157728,1.124099,1.120342,1.094458,1.079638,1.057073,1.06438,1.026326,1.022569,1.0166,1.018376,1.034535,1.036311,1.063534,1.104034,1.104703,1.148522,1.244342,1.305863,1.406109,1.477588,1.562344,1.713485,1.84139,1.927253,2.054052,2.092339,2.067561,2.014017,1.835449,1.706669,1.55908,1.346213,1.172071,0.986865,0.859191,0.758071,0.717804,0.70409,0.694801,0.685513,0.676225,0.666936,0.657648,0.64836,0.639072,0.629783,0.620495
1.339292,1.311365,1.287174,1.26672,1.245021,1.235777,1.192904,1.203588,1.176907,1.181363,1.158418,1.151665,1.163595,1.166806,1.186209,1.201876,1.258645,1.324132,1.359727,1.428951,1.559205,1.63092,1.757439,1.907622,2.027913,2.259055,2.208708,2.266723,2.399468,2.350367,2.232763,1.980641,1.854318,1.589741,1.388686,1.17393,1.020205,0.898864,0.837307,0.808135,0.795154,0.784665,0.774175,0.763685,0.753196,0.742706,0.732217,0.721727,0.711237,0.700748
1.192681,1.17178,1.153177,1.148354,1.12286,1.101959,1.087949,1.078532,1.076006,1.057402,1.045689,1.058092,1.071643,1.078304,1.094153,1.127227,1.155707,1.188781,1.260901,1.39044,1.41203,1.499079,1.582682,1.689253,1.80616,2.028719,2.081316,2.108648,2.16469,2.066847,1.946037,1.760916,1.55742,1.420532,1.207849,1.033064,0.896175,0.793739,0.748722,0.724377,0.713812,0.704395,0.694978,0.685562,0.676145,0.666729,0.657312,0.647896,0.638479,0.629063
0.187948,0.187179,0.182551,0.181782,0.177338,0.176385,0.174881,0.170621,0.170219,0.166878,0.170151,0.167729,0.169716,0.176114,0.174059,0.183029,0.192184,0.200052,0.207368,0.214501,0.235784,0.254126,0.266956,0.287136,0.302722,0.328048,0.334813,0.335147,0.337318,0.303472,0.30454,0.272348,0.24622,0.212373,0.184407,0.156993,0.13895,0.124766,0.118301,0.115694,0.114007,0.112503,0.110999,0.109495,0.107991,0.106487,0.104983,0.103479,0.101975,0.100471
1.286771,1.285327,1.248646,1.243427,1.215555,1.20656,1.205116,1.17221,1.187127,1.157997,1.174172,1.173987,1.204006,1.231507,1.235098,1.32049,1.383229,1.393112,1.546463,1.573965,1.679493,1.819001,1.884257,2.004887,2.199769,2.224754,2.288752,2.228159,2.181409,2.076769,1.857606,1.700109,1.530028,1.370014,1.197415,1.042435,0.906333,0.841964,0.806541,0.787479,0.777226,0.766973,0.756719,0.746466,0.736213,0.72596,0.715707,0.705454,0.695201,0.684948
1.35987,1.345142,1.315704,1.284928,1.28625,1.266173,1.248771,1.250092,1.255426,1.26076,1.219285,1.267415,1.252688,1.348964,1.364996,1.438537,1.493354,1.576256,1.63241,1.746072,1.831649,1.937287,2.061648,2.177985,2.306359,2.259534,2.313014,2.302299,2.239426,2.137768,1.902372,1.727158,1.529208,1.392779,1.162732,1.051713,0.964767,0.873809,0.848382,0.824293,0.812241,0.801526,0.790811,0.780096,0.769381,0.758666,0.747951,0.737236,0.726521,0.715806
1.587464,1.547508,1.541457,1.535406,1.490606,1.516846,1.494649,1.51766,1.551972,1.521704,1.543099,1.611317,1.656932,1.642808,1.735244,1.824451,1.899127,1.988334,2.135664,2.221642,2.351212,2.31287,2.519939,2.460608,2.598251,2.561524,2.611981,2.568796,2.352855,2.18535,2.08404,1.785758,1.587576,1.449133,1.297773,1.172246,1.075781,1.01645,0.976493,0.960755,0.948246,0.935737,0.923228,0.910718,0.898209,0.8857,0.873191,0.860682,0.848172,0.835663
21.966489,22.348033,21.92605,21.195025,20.979074,20.680715,20.485368,20.125198,19.744427,19.528478,19.271322,19.096579,19.272091,19.447603,19.437687,19.83983,20.200771,20.747139,21.314112,23.11727,24.096303,26.249717,27.723227,29.258544,31.659198,34.471909,36.954975,38.263658,38.871834,40.242329,37.883651,35.009897,31.45624,29.303597,25.605719,21.990248,18.086339,16.242742,14.275525,13.503293,13.266741,13.071396,12.896653,12.721912,12.547168,12.372427,12.197685,12.022942,11.8482,11.673459
1.216277,1.20207,1.20173,1.169032,1.143269,1.125594,1.104453,1.094868,1.076038,1.083788,1.063802,1.069241,1.073524,1.081274,1.104047,1.124509,1.154216,1.204724,1.24021,1.31152,1.410565,1.523478,1.610967,1.721569,1.895731,1.975131,2.03604,2.167443,2.245687,2.119383,2.019658,1.741964,1.645707,1.401527,1.268288,1.111937,0.924383,0.829281,0.759603,0.736151,0.727721,0.716981,0.707396,0.697811,0.688227,0.678642,0.669057,0.659472,0.649887,0.640303
1.191626,1.156392,1.148234,1.136691,1.095817,1.093299,1.070475,1.05442,1.048517,1.042615,1.043481,1.037579,1.045214,1.046081,1.076278,1.103091,1.145698,1.167999,1.239936,1.262237,1.435705,1.523436,1.613424,1.730486,1.864471,1.907077,2.063624,2.026134,2.100328,1.999664,1.886591,1.755468,1.508148,1.383794,1.218827,0.982789,0.866331,0.792742,0.731562,0.715507,0.703964,0.694677,0.685391,0.676104,0.666817,0.657531,0.648244,0.638957,0.629671,0.620384
1.230003,1.22375,1.221098,1.192036,1.17618,1.145918,1.125259,1.12861,1.10435,1.1053,1.088243,1.107199,1.123755,1.140311,1.166471,1.189029,1.239198,1.284564,1.391155,1.466533,1.545513,1.655705,1.815115,1.939712,1.96107,2.112078,2.156244,2.170399,2.245777,2.04625,1.958366,1.769643,1.577319,1.403001,1.175864,1.03876,0.93527,0.83178,0.773907,0.75685,0.746996,0.737141,0.727287,0.717433,0.707578,0.697724,0.68787,0.678016,0.668161,0.658307
1.219592,1.18697,1.190664,1.147146,1.145998,1.133955,1.111017,1.109869,1.102668,1.10273,1.107634,1.09317,1.144075,1.14898,1.192622,1.247159,1.284748,1.361075,1.47614,1.551256,1.632425,1.776543,1.786289,1.934038,1.941364,2.080639,2.117018,2.083185,2.063879,1.86299,1.767419,1.575004,1.434643,1.289439,1.105498,0.954242,0.864724,0.795785,0.752267,0.740224,0.729391,0.719769,0.710147,0.700525,0.690903,0.681281,0.671659,0.662037,0.652415,0.642793
1.445615,1.422656,1.405464,1.394039,1.352338,1.351005,1.346788,1.320946,1.355656,1.357207,1.360199,1.387701,1.400785,1.461447,1.501924,1.558261,1.640549,1.740137,1.799357,1.922013,1.962491,2.113982,2.168876,2.337668,2.39833,2.473409,2.391339,2.430374,2.380023,2.124944,1.98088,1.757519,1.623547,1.426138,1.27054,1.078898,1.008361,0.930617,0.897566,0.87749,0.866065,0.85464,0.843215,0.83179,0.820365,0.80894,0.797515,0.786089,0.774664,0.763239
1.272896,1.278782,1.27665,1.247793,1.28174,1.278272,1.257432,1.264655,1.270541,1.271081,1.29033,1.328287,1.390297,1.446961,1.474228,1.501494,1.571521,1.63754,1.770373,1.758887,1.897065,1.912304,2.017075,2.059041,2.048891,2.081503,2.09407,1.954301,1.882683,1.740242,1.647243,1.463377,1.34098,1.187848,1.060106,0.940381,0.867427,0.822534,0.79234,0.779518,0.769369,0.759219,0.74907,0.73892,0.728771,0.718622,0.708472,0.698323,0.688173,0.678024
1.187461,1.194757,1.161031,1.127305,1.114644,1.101983,1.085996,1.070008,1.058456,1.039143,1.046438,1.034886,1.027768,1.019542,1.042359,1.062958,1.072471,1.1097,1.150256,1.222964,1.325606,1.408291,1.515368,1.630205,1.644153,1.798903,1.988022,2.040773,2.130111,2.114124,2.059332,1.853761,1.691428,1.527986,1.335718,1.160081,1.023248,0.874219,0.760668,0.721398,0.707628,0.698293,0.688958,0.679624,0.670289,0.660954,0.651619,0.642284,0.632949,0.623614
1.260531,1.219344,1.211868,1.19393,1.171342,1.154566,1.123841,1.123339,1.107726,1.089788,1.090449,1.088786,1.089447,1.10522,1.112856,1.143741,1.2095,1.243872,1.291031,1.331216,1.466722,1.501095,1.658688,1.848829,1.905288,2.048931,2.139102,2.1572,2.231096,2.180609,2.060375,1.868068,1.668787,1.472993,1.2493,1.063968,0.942571,0.835124,0.778825,0.752749,0.742949,0.733148,0.723347,0.713546,0.703745,0.693944,0.684143,0.674342,0.664541,0.65474
1.836756,1.843245,1.796973,1.750702,1.720258,1.714436,1.7262,1.692239,1.654761,1.626076,1.622012,1.635535,1.629713,1.66434,1.697209,1.784596,1.819223,1.857367,2.008067,2.097213,2.175807,2.379266,2.524689,2.710562,2.906987,3.036582,3.213662,3.364361,3.256536,3.210264,3.003954,2.648156,2.461191,2.101876,1.800597,1.613632,1.363354,1.234425,1.15298,1.124295,1.107921,1.093305,1.07869,1.064074,1.049458,1.034843,1.020227,1.005612,0.990996,0.97638
1.224868,1.221091,1.207592,1.207461,1.169659,1.150084,1.13294,1.134024,1.122955,1.124039,1.111756,1.11527,1.115138,1.145386,1.192646,1.211958,1.285952,1.323491,1.362246,1.494569,1.563703,1.642558,1.771236,2.010495,1.978769,2.09894,2.197238,2.197107,2.182393,2.024288,1.956106,1.753039,1.566984,1.309234,1.149914,1.022188,0.929703,0.809268,0.772681,0.756752,0.746899,0.737046,0.727193,0.71734,0.707487,0.697634,0.687781,0.677928,0.668075,0.658222
1.110881,1.099789,1.075312,1.063105,1.06763,1.047614,1.039869,1.024316,1.013224,1.008825,1.034544,1.026799,1.049171,1.100546,1.132957,1.163138,1.178818,1.261426,1.362997,1.382023,1.522635,1.580703,1.699006,1.796114,1.886531,1.899979,1.931276,1.929108,1.828778,1.749643,1.577924,1.459747,1.300298,1.116308,0.985861,0.864338,0.793011,0.730607,0.697206,0.681653,0.671677,0.662816,0.653955,0.645094,0.636234,0.627373,0.618512,0.609652,0.600791,0.59193
1.149562,1.122023,1.119836,1.106126,1.097025,1.086772,1.079976,1.067418,1.064079,1.084941,1.098889,1.108227,1.156747,1.161475,1.252635,1.251601,1.342761,1.418939,1.474374,1.505608,1.615206,1.68908,1.762953,1.855265,1.885347,1.846283,1.98354,1.914513,1.835115,1.671589,1.549551,1.369892,1.247854,1.092396,0.993406,0.875978,0.785055,0.736772,0.710385,0.701284,0.689878,0.680777,0.671677,0.662576,0.653475,0.644374,0.635273,0.626173,0.617072,0.607971
1.291038,1.303858,1.285607,1.263304,1.25586,1.245715,1.276098,1.267303,1.315248,1.305103,1.37061,1.356412,1.384093,1.433388,1.509703,1.553594,1.659629,1.661643,1.74336,1.776445,1.917604,1.964198,2.056723,2.061438,2.04724,2.047902,2.064776,1.914134,1.840495,1.691204,1.570282,1.453414,1.274402,1.148077,1.012295,0.937305,0.847455,0.812993,0.793391,0.779193,0.769048,0.758903,0.748758,0.738613,0.728467,0.718322,0.708177,0.698032,0.687886,0.677741
1.327487,1.293396,1.288027,1.254962,1.249594,1.223709,1.208082,1.185275,1.190164,1.152996,1.147627,1.140207,1.139967,1.153063,1.152823,1.176176,1.211839,1.210573,1.249314,1.336266,1.391419,1.482474,1.546859,1.623554,1.761796,1.878496,1.956216,2.071891,2.105502,2.080643,2.029114,1.86167,1.740387,1.601666,1.402423,1.239082,1.065484,0.945226,0.849588,0.810368,0.795767,0.78527,0.774772,0.764274,0.753777,0.743279,0.732781,0.722283,0.711786,0.701288
1.22058,1.197399,1.177105,1.159698,1.141329,1.132582,1.097854,1.104503,1.082285,1.084123,1.064791,1.057969,1.06558,1.066456,1.079841,1.09034,1.132593,1.181582,1.207477,1.259352,1.358379,1.412179,1.508319,1.622742,1.714071,1.891041,1.85054,1.893755,1.994706,1.955167,1.862703,1.666315,1.567115,1.361104,1.204168,1.036648,0.916278,0.820928,0.771766,0.747623,0.735989,0.72628,0.716571,0.706862,0.697153,0.687443,0.677734,0.668025,0.658316,0.648607
1.466453,1.442931,1.421762,1.414708,1.386482,1.362961,1.346497,1.334737,1.330035,1.308866,1.294755,1.305343,1.317108,1.321815,1.335933,1.367693,1.394748,1.426508,1.498259,1.628821,1.648819,1.735861,1.819374,1.926411,2.044034,2.269867,2.321623,2.347502,2.402786,2.30046,2.174609,1.98289,1.772353,1.630035,1.410088,1.228956,1.086638,0.979606,0.931385,0.904335,0.891399,0.87964,0.867881,0.856122,0.844362,0.832603,0.820844,0.809084,0.797325,0.785566
2.267564,2.257262,2.205031,2.19473,2.144496,2.132198,2.11391,2.065672,2.059364,2.02111,2.054735,2.026463,2.046112,2.11368,2.089402,2.184923,2.282441,2.365983,2.443534,2.519089,2.748386,2.945737,3.083188,3.300505,3.467906,3.74113,3.812692,3.81437,3.836015,3.466316,3.475981,3.124252,2.838412,2.468713,2.162907,1.863091,1.665104,1.509047,1.43685,1.406582,1.386297,1.368009,1.349721,1.331433,1.313145,1.294857,1.276569,1.258282,1.239994,1.221706
1.354337,1.3523,1.315062,1.309253,1.280815,1.271235,1.269198,1.235731,1.250037,1.220342,1.235905,1.235126,1.264518,1.291397,1.294388,1.379098,1.441178,1.450455,1.603053,1.629932,1.734756,1.873525,1.938119,2.05803,2.252116,2.27648,2.339817,2.278692,2.231395,2.126268,1.906736,1.748807,1.578306,1.417862,1.244846,1.089432,0.952874,0.887978,0.851996,0.832359,0.821521,0.810684,0.799846,0.789009,0.778171,0.767334,0.756496,0.745659,0.734821,0.723984
1.341132,1.326496,1.296801,1.265737,1.267529,1.247417,1.230043,1.231835,1.237735,1.243634,1.201618,1.251326,1.23669,1.335684,1.352535,1.428256,1.484809,1.570113,1.628035,1.744826,1.832868,1.941445,2.069188,2.188717,2.320568,2.273075,2.32826,2.317731,2.25381,2.150186,1.90966,1.73074,1.528547,1.389329,1.154279,1.041072,0.952508,0.859838,0.834249,0.81003,0.798132,0.787603,0.777074,0.766546,0.756017,0.745488,0.734959,0.72443,0.713901,0.703372
1.644264,1.607713,1.600035,1.592357,1.551681,1.571501,1.550074,1.567145,1.593841,1.565539,1.581235,1.636804,1.673124,1.658571,1.734764,1.808207,1.869277,1.94272,2.06566,2.136354,2.24417,2.208994,2.382807,2.329757,2.444448,2.410646,2.451091,2.41179,2.22537,2.080199,1.9914,1.734859,1.563564,1.443142,1.31172,1.202297,1.117622,1.064572,1.02802,1.012093,0.998915,0.985737,0.97256,0.959382,0.946205,0.933027,0.919849,0.906672,0.893494,0.880316
1.558366,1.578652,1.551473,1.506039,1.491031,1.471154,1.457363,1.433835,1.409091,1.394083,1.37664,1.364066,1.372182,1.380297,1.37746,1.398963,1.418032,1.448054,1.479294,1.583556,1.639136,1.764088,1.848878,1.937318,2.076875,2.240772,2.385197,2.46025,2.493924,2.572628,2.431047,2.25904,2.04687,1.91746,1.696771,1.48095,1.248091,1.136936,1.018479,0.970611,0.954386,0.940594,0.92802,0.915446,0.902872,0.890298,0.877724,0.86515,0.852576,0.840001
1.862516,1.841658,1.838673,1.793986,1.758234,1.732908,1.703114,1.688214,1.661399,1.66884,1.640535,1.644997,1.647969,1.65541,1.682212,1.706036,1.741775,1.804323,1.847508,1.936865,2.061967,2.204941,2.315149,2.455145,2.677056,2.776838,2.85279,3.019595,3.117887,2.95256,2.821488,2.461051,2.334448,2.017203,1.842939,1.638888,1.394623,1.269509,1.177161,1.144388,1.130977,1.114588,1.099688,1.084788,1.069887,1.054987,1.040087,1.025187,1.010287,0.995387
1.566238,1.524608,1.513484,1.498548,1.450562,1.445795,1.418147,1.398126,1.389545,1.380964,1.380009,1.371429,1.378101,1.377147,1.409241,1.437523,1.4836,1.506797,1.585923,1.60912,1.802647,1.899569,1.999033,2.129004,2.278041,2.324118,2.498578,2.454406,2.536074,2.42072,2.291382,2.141707,1.861107,1.719059,1.53125,1.263361,1.13021,1.045362,0.974497,0.954476,0.939539,0.927145,0.91475,0.902356,0.889962,0.877567,0.865173,0.852779,0.840384,0.82799
2.128194,2.116913,2.111484,2.063148,2.036265,1.985979,1.951296,1.955617,1.915083,1.915504,1.886671,1.916346,1.942121,1.967895,2.009272,2.044798,2.12518,2.197761,2.369807,2.491145,2.618333,2.796229,3.054086,3.255385,3.288961,3.533166,3.603797,3.625671,3.747009,3.421735,3.277836,2.970114,2.656541,2.372223,2.002092,1.778232,1.60898,1.439727,1.344585,1.315752,1.298621,1.28149,1.264358,1.247227,1.230096,1.212964,1.195833,1.178702,1.16157,1.144439
1.50844,1.46816,1.472684,1.418962,1.417513,1.402622,1.37429,1.372841,1.363924,1.363968,1.369987,1.352109,1.41488,1.420899,1.474709,1.541962,1.588305,1.68244,1.824368,1.91701,2.017119,2.194891,2.206883,2.389136,2.398141,2.569939,2.614789,2.573014,2.549163,2.301284,2.183341,1.945918,1.772715,1.593538,1.366569,1.179925,1.069449,0.984364,0.930642,0.915751,0.902353,0.89045,0.878546,0.866642,0.854738,0.842834,0.830931,0.819027,0.807123,0.795219
2.013755,1.981451,1.957357,1.941475,1.882486,1.880972,1.875353,1.838943,1.888746,1.891337,1.895981,1.93552,1.954533,2.041283,2.099296,2.179889,2.297429,2.439601,2.524299,2.699314,2.757327,2.973395,3.051934,3.292634,3.379385,3.486662,3.370199,3.426159,3.354855,2.992072,2.787344,2.46972,2.279362,1.998686,1.777537,1.505071,1.40503,1.294725,1.248052,1.219853,1.20397,1.188088,1.172205,1.156322,1.14044,1.124557,1.108674,1.092792,1.076909,1.061026
1.843433,1.847548,1.842145,1.805021,1.842444,1.835455,1.807848,1.813549,1.817663,1.815433,1.835409,1.877589,1.94832,2.012706,2.042198,2.07169,2.151937,2.227426,2.38222,2.365715,2.526854,2.542071,2.663557,2.710496,2.695577,2.731414,2.743458,2.574688,2.486809,2.314866,2.201609,1.980498,1.832347,1.647715,1.49322,1.348241,1.258776,1.202618,1.163908,1.145817,1.130898,1.11598,1.101061,1.086142,1.071224,1.056305,1.041386,1.026467,1.011549,0.99663
1.505906,1.511474,1.47363,1.435785,1.420234,1.404683,1.385612,1.366541,1.352163,1.329571,1.33514,1.320762,1.311077,1.30022,1.322215,1.341863,1.349779,1.387027,1.427795,1.50259,1.609065,1.694419,1.805587,1.924969,1.937577,2.099198,2.297192,2.350867,2.443261,2.42419,2.364053,2.144343,1.970393,1.795269,1.589639,1.401609,1.254646,1.094776,0.972452,0.928741,0.912016,0.899985,0.887954,0.875922,0.863891,0.85186,0.839829,0.827797,0.815766,0.803735
1.694971,1.645536,1.634815,1.612078,1.584002,1.562601,1.525181,1.522469,1.502402,1.479666,1.478289,1.474242,1.472865,1.488842,1.495475,1.528806,1.602186,1.639523,1.691544,1.735555,1.889032,1.926368,2.105209,2.321428,2.384129,2.546951,2.648364,2.667012,2.749736,2.689621,2.54941,2.326431,2.095443,1.86846,1.609438,1.39447,1.252923,1.127396,1.060606,1.028525,1.015134,1.001742,0.988351,0.974959,0.961568,0.948176,0.934784,0.921393,0.908001,0.89461
5.870952,5.883499,5.746744,5.609989,5.518025,5.495735,5.523213,5.421296,5.309424,5.222437,5.205124,5.23758,5.21529,5.307465,5.394665,5.636144,5.72832,5.83045,6.251093,6.497549,6.714144,7.28409,7.689803,8.209981,8.760019,9.120941,9.616235,10.036878,9.725936,9.589181,8.99954,7.986874,7.451977,6.429358,5.570971,5.036074,4.322014,3.951351,3.71506,3.628073,3.575923,3.52875,3.481576,3.434403,3.38723,3.340056,3.292883,3.24571,3.198536,3.151363
1.401404,1.396555,1.381338,1.380377,1.339238,1.31754,1.298435,1.29877,1.286145,1.28648,1.272559,1.275486,1.274525,1.305966,1.355553,1.375329,1.453429,1.492646,1.53316,1.673471,1.746387,1.829671,1.966094,2.22046,2.185801,2.313152,2.417173,2.416212,2.399698,2.230248,2.156707,1.939303,1.740043,1.464315,1.293568,1.15652,1.057058,0.927786,0.887943,0.870133,0.858804,0.847475,0.836145,0.824816,0.813487,0.802157,0.790828,0.779499,0.76817,0.75684
0.287037,0.284184,0.277994,0.274864,0.275905,0.270828,0.26881,0.264845,0.261992,0.260809,0.267136,0.265118,0.27061,0.283334,0.29133,0.29877,0.302593,0.323106,0.348347,0.353005,0.387982,0.402376,0.431789,0.455918,0.478378,0.481645,0.489363,0.488736,0.463631,0.443811,0.400904,0.371348,0.331501,0.285534,0.252919,0.222529,0.204656,0.189008,0.180592,0.176627,0.174053,0.171757,0.169461,0.167165,0.164869,0.162573,0.160277,0.15798,0.155684,0.153388
1.260904,1.234107,1.23021,1.215904,1.205762,1.194579,1.186519,1.173254,1.168316,1.185239,1.195917,1.20243,1.244336,1.246686,1.327108,1.324253,1.404675,1.471565,1.519717,1.546009,1.643086,1.707894,1.772702,1.854165,1.879416,1.842209,1.96427,1.899997,1.826356,1.676723,1.564566,1.40036,1.288203,1.145857,1.054519,0.946526,0.862475,0.81694,0.791183,0.781041,0.768817,0.758675,0.748532,0.73839,0.728248,0.718106,0.707964,0.697821,0.687679,0.677537
1.421967,1.431366,1.412664,1.390295,1.381367,1.369996,1.395279,1.385129,1.426296,1.414925,1.471976,1.456939,1.479778,1.522167,1.588993,1.626495,1.720201,1.719826,1.791539,1.819266,1.944739,1.984685,2.066173,2.068241,2.053204,2.051607,2.064672,1.926229,1.857431,1.720211,1.608648,1.500752,1.33665,1.220201,1.095199,1.025179,0.941719,0.908354,0.888429,0.873392,0.86202,0.850649,0.839277,0.827905,0.816534,0.805162,0.79379,0.782418,0.771047,0.759675
1.753044,1.709298,1.701865,1.659415,1.651983,1.618611,1.598209,1.568729,1.574266,1.526628,1.519196,1.509169,1.508221,1.524133,1.523185,1.552066,1.596511,1.594266,1.642601,1.751892,1.820978,1.935456,2.016214,2.112536,2.286673,2.433575,2.531193,2.676798,2.718648,2.686574,2.620779,2.408432,2.254447,2.078414,1.825862,1.618702,1.398574,1.245885,1.124323,1.074092,1.054987,1.041069,1.027152,1.013235,0.999317,0.9854,0.971483,0.957565,0.943648,0.929731
1.123632,1.102301,1.083627,1.067607,1.050703,1.042649,1.010698,1.016806,0.996361,0.998044,0.980254,0.973971,0.980964,0.981762,0.994066,1.003715,1.042573,1.087626,1.111437,1.159146,1.250225,1.299704,1.388128,1.493369,1.577368,1.740142,1.70288,1.742622,1.835472,1.799095,1.714036,1.533385,1.442131,1.252629,1.108268,0.954171,0.843444,0.75573,0.710502,0.688286,0.677578,0.668639,0.659701,0.650762,0.641824,0.632885,0.623946,0.615008,0.606069,0.597131
1.481677,1.456992,1.434883,1.42823,1.398394,1.373709,1.356752,1.344947,1.34087,1.318761,1.304381,1.317048,1.331003,1.33723,1.353761,1.389612,1.420311,1.456162,1.535805,1.679848,1.702819,1.799206,1.891729,2.010012,2.139886,2.388257,2.446004,2.475415,2.537026,2.426045,2.289305,2.080436,1.85096,1.696188,1.456408,1.259131,1.104359,0.988226,0.936494,0.907945,0.894852,0.883047,0.871242,0.859437,0.847633,0.835828,0.824023,0.812218,0.800413,0.788609
2.679224,2.667054,2.605336,2.593166,2.533807,2.519278,2.49767,2.44067,2.433219,2.388017,2.427755,2.39435,2.417571,2.49742,2.468734,2.581614,2.696854,2.795578,2.887224,2.976509,3.247473,3.480685,3.643114,3.89992,4.097741,4.420612,4.505179,4.507165,4.532747,4.095877,4.107301,3.691666,3.353893,2.917023,2.555656,2.201366,1.967408,1.782999,1.697686,1.661922,1.637954,1.616347,1.594739,1.573131,1.551523,1.529916,1.508308,1.4867,1.465092,1.443485
1.318975,1.316998,1.280714,1.275061,1.247353,1.238025,1.236048,1.203439,1.21739,1.188458,1.203634,1.202883,1.231537,1.257742,1.260666,1.343232,1.403744,1.412795,1.561526,1.58773,1.689901,1.825154,1.888116,2.00499,2.194155,2.217909,2.279646,2.220081,2.173995,2.071545,1.857597,1.703687,1.537524,1.381163,1.212549,1.061089,0.928009,0.864768,0.829709,0.810578,0.800024,0.78947,0.778917,0.768363,0.757809,0.747255,0.736701,0.726147,0.715593,0.70504
2.785047,2.754653,2.692983,2.628469,2.632194,2.590427,2.554346,2.55807,2.570325,2.58258,2.49532,2.59856,2.568165,2.773762,2.808763,2.966024,3.083479,3.260644,3.380943,3.623502,3.806352,4.031852,4.297157,4.545403,4.819239,4.720606,4.835218,4.813354,4.680602,4.465395,3.965862,3.594275,3.174353,2.885222,2.397062,2.161952,1.978022,1.785561,1.732421,1.682124,1.657416,1.635551,1.613687,1.591822,1.569958,1.548093,1.526229,1.504364,1.4825,1.460635
2.826748,2.759503,2.747589,2.735675,2.660526,2.701308,2.663046,2.698559,2.752516,2.70108,2.733958,2.843246,2.915647,2.890559,3.039369,3.18291,3.302737,3.446278,3.684672,3.822943,4.032354,3.967744,4.303627,4.204764,4.42735,4.365374,4.445679,4.373164,4.018724,3.743328,3.575959,3.087143,2.761685,2.533716,2.284668,2.077778,1.918314,1.819451,1.752206,1.724483,1.70203,1.679577,1.657124,1.634671,1.612218,1.589765,1.567312,1.544859,1.522406,1.499953
1.344738,1.360337,1.337659,1.30026,1.287396,1.270608,1.258726,1.238992,1.218278,1.205414,1.190588,1.179688,1.185472,1.191257,1.188208,1.204788,1.219406,1.242856,1.267289,1.350608,1.394669,1.494672,1.562288,1.632848,1.744629,1.87604,1.991747,2.051511,2.077906,2.140614,2.02568,1.88621,1.714351,1.609232,1.430503,1.2557,1.067157,0.97676,0.880473,0.841111,0.827266,0.815384,0.804484,0.793584,0.782683,0.771783,0.760883,0.749982,0.739082,0.728182
2.465226,2.438748,2.4317,2.379315,2.336645,2.305309,2.269116,2.249114,2.216159,2.220445,2.185871,2.186919,2.186347,2.190633,2.215968,2.238065,2.273115,2.337311,2.380457,2.473798,2.605999,2.757629,2.873639,3.022031,3.259478,3.364153,3.442921,3.620459,3.723515,3.539977,3.393679,2.998029,2.856589,2.507895,2.314642,2.089006,1.819651,1.679831,1.575632,1.5362,1.517818,1.496197,1.476195,1.456194,1.436192,1.416191,1.396189,1.376187,1.356186,1.336184
1.982856,1.930149,1.916067,1.897157,1.836403,1.830368,1.795364,1.770017,1.759154,1.748291,1.747085,1.736222,1.744672,1.743465,1.784103,1.819913,1.878254,1.907626,2.007812,2.037184,2.282215,2.404932,2.530868,2.69543,2.884132,2.942473,3.163364,3.107438,3.210842,3.06479,2.901034,2.711528,2.356254,2.176404,1.938616,1.599436,1.430852,1.323426,1.233702,1.208355,1.189445,1.173754,1.158063,1.142372,1.126681,1.110989,1.095298,1.079607,1.063916,1.048225
1.647062,1.63834,1.634152,1.59671,1.575896,1.536943,1.510082,1.513452,1.482057,1.482403,1.460077,1.483097,1.503094,1.52309,1.555179,1.582733,1.645052,1.701325,1.834686,1.928748,2.027343,2.165239,2.365107,2.521141,2.547183,2.736471,2.791232,2.808206,2.902267,2.650189,2.538683,2.300209,2.0572,1.836865,1.550022,1.376543,1.245387,1.114231,1.040513,1.018187,1.00493,0.991673,0.978416,0.965159,0.951902,0.938645,0.925388,0.912131,0.898874,0.885617
1.241118,1.207984,1.211701,1.167512,1.166316,1.154065,1.130758,1.129562,1.122224,1.122257,1.127203,1.112495,1.16412,1.169066,1.213321,1.268632,1.306745,1.384167,1.500897,1.577091,1.659426,1.805638,1.815498,1.965396,1.972798,2.114097,2.150982,2.116619,2.096997,1.893116,1.796105,1.600822,1.45836,1.310985,1.124301,0.970784,0.879915,0.809929,0.765739,0.753488,0.742465,0.73267,0.722876,0.713081,0.703287,0.693492,0.683698,0.673903,0.664109,0.654314
4.373175,4.303017,4.250691,4.216201,4.088082,4.0848,4.072601,3.993526,4.101704,4.107339,4.117433,4.20332,4.244622,4.433053,4.559066,4.734122,4.98943,5.298239,5.482212,5.862357,5.988369,6.457683,6.62828,7.151095,7.339526,7.572541,7.319587,7.441141,7.286272,6.498303,6.053635,5.363752,4.950293,4.340663,3.860327,3.26853,3.051242,2.811663,2.710295,2.649053,2.614562,2.580071,2.54558,2.511089,2.476598,2.442106,2.407615,2.373124,2.338633,2.304142
19.382211,19.469897,19.436418,18.999063,19.510817,19.457144,19.140954,19.24883,19.336517,19.343426,19.633047,20.205383,21.141209,21.996258,22.407043,22.817828,23.874817,24.871223,26.877319,26.702484,28.789356,29.018397,30.600423,31.233339,31.078698,31.57026,31.758914,29.645473,28.561916,26.408087,25.00143,22.221592,20.370671,18.055293,16.123596,14.313062,13.209312,12.529631,12.072082,11.877053,11.722411,11.567772,11.41313,11.258489,11.103847,10.949205,10.794564,10.639923,10.485282,10.330641
3.28786,3.297556,3.218223,3.138889,3.105274,3.071658,3.030824,2.98999,2.958781,2.910728,2.920424,2.889215,2.86763,2.84364,2.887023,2.925593,2.940102,3.014765,3.096648,3.24831,3.46494,3.638258,3.864512,4.10761,4.131744,4.461465,4.865779,4.97413,5.161885,5.12105,4.996,4.543704,4.185251,3.824392,3.400971,3.013644,2.710533,2.380954,2.128374,2.03701,2.000988,1.974591,1.948194,1.921798,1.8954,1.869004,1.842607,1.81621,1.789813,1.763416
2.029743,1.970555,1.957714,1.93049,1.896873,1.871247,1.826442,1.823191,1.799163,1.771938,1.770285,1.765436,1.763783,1.782906,1.790843,1.830743,1.918589,1.963285,2.02556,2.078246,2.261985,2.30668,2.520785,2.77964,2.854701,3.049628,3.171036,3.193357,3.292391,3.220416,3.05255,2.785594,2.509049,2.237299,1.927192,1.669826,1.500361,1.350074,1.270109,1.231697,1.21566,1.199624,1.183587,1.16755,1.151513,1.135476,1.119439,1.103402,1.087365,1.071328
2.304825,2.309806,2.256044,2.202281,2.166142,2.157416,2.168272,2.128216,2.084244,2.050063,2.043296,2.056109,2.047383,2.083695,2.118048,2.213102,2.249414,2.289641,2.455188,2.552201,2.637465,2.861756,3.021429,3.226139,3.442598,3.584648,3.779567,3.945114,3.822817,3.769055,3.537103,3.138711,2.928298,2.52599,2.188299,1.977887,1.696982,1.551188,1.458263,1.424082,1.403607,1.385091,1.366575,1.348058,1.329542,1.311026,1.29251,1.273993,1.255477,1.236961
20.823643,20.751533,20.525438,20.511072,19.900022,19.577692,19.293855,19.298735,19.111136,19.11602,18.909173,18.95255,18.938182,19.405009,20.141301,20.434899,21.594644,22.17696,22.778519,24.862158,25.944913,27.18165,29.207544,32.984985,32.470176,34.361337,35.906041,35.891671,35.646332,33.129755,32.03751,28.808767,25.849494,21.754599,19.218777,17.183393,15.706196,13.786299,13.194498,12.92991,12.76156,12.593211,12.424861,12.256512,12.088163,11.919813,11.751463,11.583113,11.414763,11.246414
1.436203,1.421931,1.390965,1.375303,1.380508,1.355107,1.345009,1.325173,1.310902,1.304978,1.336616,1.326519,1.353983,1.41762,1.457606,1.49481,1.513927,1.616518,1.742759,1.766051,1.940985,2.012969,2.160078,2.280755,2.393084,2.409419,2.448014,2.444872,2.319304,2.220168,2.005562,1.857733,1.65843,1.428521,1.265389,1.113387,1.02399,0.945723,0.903627,0.883791,0.870911,0.859422,0.847933,0.836444,0.824955,0.813466,0.801977,0.790488,0.778999,0.76751
2.720485,2.655735,2.650375,2.618019,2.596462,2.572205,2.556047,2.526391,2.518331,2.566962,2.599395,2.62103,2.734449,2.745286,2.958588,2.955927,3.169229,3.347437,3.477053,3.549979,3.806473,3.979282,4.152091,4.368092,4.438319,4.346573,4.667856,4.505924,4.319695,3.936401,3.650289,3.229202,2.943091,2.578693,2.346573,2.07126,1.858036,1.744694,1.682644,1.661087,1.63413,1.612573,1.591016,1.569458,1.547901,1.526344,1.504786,1.483229,1.461672,1.440114
2.535206,2.555098,2.520825,2.479486,2.464053,2.443909,2.494417,2.476629,2.557752,2.537609,2.649347,2.622139,2.667937,2.751415,2.881994,2.956052,3.138441,3.139494,3.279493,3.33471,3.578331,3.657099,3.815938,3.8217,3.794492,3.793189,3.820146,3.555079,3.42425,3.161538,2.948281,2.74209,2.427568,2.204892,1.96573,1.832545,1.673455,1.610921,1.574292,1.547084,1.526941,1.506798,1.486654,1.466511,1.446368,1.426224,1.406081,1.385938,1.365794,1.345651
1.290749,1.257101,1.248236,1.226389,1.211623,1.186236,1.17147,1.151983,1.132496,1.128352,1.099424,1.110621,1.086414,1.101152,1.111169,1.114105,1.163068,1.194328,1.238569,1.27455,1.367178,1.465707,1.548893,1.681646,1.757752,1.902306,1.984313,2.143029,2.202613,2.220891,2.215567,2.138252,1.91814,1.734612,1.542824,1.334512,1.11558,0.99224,0.860639,0.780965,0.765019,0.751433,0.741387,0.731342,0.721297,0.711251,0.701206,0.691161,0.681115,0.67107
1.324577,1.329014,1.282682,1.275974,1.258122,1.206837,1.201367,1.19466,1.166902,1.163909,1.168346,1.154209,1.131404,1.169275,1.168759,1.205392,1.208591,1.268751,1.359869,1.424982,1.45047,1.607218,1.713195,1.805551,1.9462,2.069513,2.200256,2.25794,2.414687,2.308916,2.263822,2.060226,1.880158,1.68523,1.479158,1.204979,1.074443,0.947621,0.843089,0.812854,0.790049,0.779626,0.769204,0.758782,0.74836,0.737937,0.727515,0.717093,0.706671,0.696248
1.371074,1.340504,1.324902,1.29059,1.271247,1.261883,1.230065,1.215711,1.192626,1.184509,1.178887,1.181997,1.171385,1.188216,1.202552,1.245578,1.234967,1.286724,1.423305,1.426415,1.510605,1.627227,1.743849,1.854234,2.034473,2.197249,2.325098,2.35565,2.386202,2.329437,2.280156,2.031293,1.885963,1.650821,1.420669,1.277834,1.048929,0.912331,0.855565,0.818759,0.804405,0.793793,0.783181,0.77257,0.761958,0.751347,0.740735,0.730123,0.719512,0.7089
1.207093,1.216962,1.160624,1.139672,1.130135,1.111467,1.104213,1.090111,1.071442,1.067614,1.066068,1.042833,1.049278,1.058006,1.097555,1.114273,1.173229,1.225334,1.271732,1.384339,1.44786,1.574165,1.636544,1.814217,1.850342,1.973222,2.114367,2.099123,2.147804,2.049229,1.916408,1.833814,1.611954,1.387812,1.228736,1.038839,0.921999,0.839405,0.760236,0.73586,0.722899,0.713362,0.703826,0.694289,0.684753,0.675217,0.66568,0.656144,0.646607,0.637071
1.259072,1.25525,1.19965,1.188602,1.167922,1.159283,1.145828,1.142005,1.12855,1.10787,1.112476,1.112266,1.145773,1.157604,1.138128,1.208962,1.265347,1.321732,1.414241,1.516384,1.626955,1.635174,1.842077,1.869562,2.01385,2.096726,2.129028,2.217924,2.197244,2.011596,1.860868,1.72459,1.542555,1.393031,1.201362,1.048226,0.910744,0.833469,0.779072,0.759596,0.746141,0.736298,0.726455,0.716612,0.706768,0.696926,0.687082,0.677239,0.667396,0.657553
1.204587,1.196271,1.167507,1.144757,1.142455,1.126922,1.121011,1.112695,1.103176,1.096062,1.09376,1.115514,1.118023,1.174659,1.179574,1.237413,1.33735,1.325425,1.448216,1.51688,1.589153,1.683076,1.754146,1.867314,1.955223,2.004642,2.04925,2.080627,1.996533,1.968972,1.780233,1.635998,1.403957,1.252506,1.119096,0.972456,0.867914,0.799457,0.758665,0.732306,0.721584,0.712065,0.702546,0.693027,0.683508,0.673989,0.66447,0.654951,0.645432,0.635912
1.223236,1.225916,1.208615,1.207549,1.18775,1.187933,1.174378,1.175809,1.233439,1.203649,1.165118,1.238982,1.270385,1.2893,1.351925,1.425788,1.449699,1.576014,1.564957,1.712502,1.79261,1.80653,1.972808,2.034183,2.016882,2.091995,2.012252,1.951241,1.960166,1.81923,1.637083,1.506137,1.333981,1.153082,1.038372,0.944892,0.878886,0.821622,0.770602,0.755799,0.743493,0.733685,0.723877,0.714069,0.704261,0.694453,0.684644,0.674836,0.665028,0.65522
1.2153,1.211349,1.192717,1.174086,1.153195,1.14021,1.114803,1.102947,1.094479,1.066813,1.070767,1.063428,1.043667,1.045363,1.056093,1.051013,1.082071,1.144748,1.182582,1.19557,1.279705,1.396589,1.428776,1.582927,1.681743,1.816696,1.920029,2.045947,2.117659,2.172432,2.071362,2.000782,1.834212,1.65522,1.513495,1.233995,1.045968,0.94151,0.805431,0.75292,0.728642,0.717915,0.708318,0.698721,0.689123,0.679526,0.669929,0.660331,0.650734,0.641137
1.835478,1.79339,1.809971,1.764431,1.753404,1.704413,1.657148,1.649571,1.636818,1.634418,1.587153,1.586479,1.601335,1.583404,1.651754,1.645902,1.691819,1.786052,1.888913,1.941732,2.068751,2.252715,2.307259,2.579228,2.697619,2.954057,2.956834,3.140798,3.324761,3.161882,3.197445,2.93103,2.552452,2.270507,2.014446,1.735952,1.467812,1.291127,1.159308,1.113769,1.097564,1.083085,1.068606,1.054127,1.039648,1.025169,1.01069,0.996211,0.981732,0.967253
1.28264,1.248995,1.235518,1.201873,1.159924,1.155937,1.144832,1.137287,1.117878,1.102028,1.096855,1.104731,1.110235,1.102689,1.110566,1.143355,1.19038,1.240965,1.258332,1.370605,1.446102,1.631927,1.626754,1.759194,1.985355,2.050175,2.096014,2.198796,2.243449,2.228785,2.096675,1.893386,1.682979,1.506975,1.31199,1.138359,0.997945,0.86109,0.794228,0.767701,0.751851,0.741932,0.732014,0.722096,0.712177,0.702259,0.692341,0.682422,0.672504,0.662585
1.406693,1.387261,1.345769,1.344262,1.322072,1.327459,1.303891,1.27205,1.26227,1.264899,1.245467,1.264641,1.286573,1.289202,1.300103,1.333065,1.400497,1.459656,1.551905,1.586246,1.743298,1.830033,1.947101,2.047623,2.196402,2.368621,2.357462,2.493833,2.466128,2.426015,2.28663,2.081062,1.794147,1.606504,1.456088,1.253279,1.08356,0.975886,0.894409,0.859811,0.845895,0.834736,0.823577,0.812418,0.801259,0.7901,0.778941,0.767782,0.756623,0.745464
1.102436,1.108047,1.069422,1.047385,1.036408,1.034278,1.008923,1.009006,1.016829,1.010276,1.004828,1.012652,1.029323,1.022769,1.08589,1.120256,1.126973,1.237649,1.249896,1.369419,1.464612,1.585241,1.65942,1.653973,1.769072,1.838828,1.936232,1.8965,1.893265,1.859063,1.653441,1.527447,1.357215,1.174818,1.057671,0.915088,0.796835,0.74162,0.699677,0.675428,0.664451,0.655686,0.64692,0.638155,0.629389,0.620624,0.611859,0.603093,0.594328,0.585562
1.183917,1.161356,1.136386,1.121048,1.111729,1.116856,1.08346,1.094607,1.108161,1.078376,1.094339,1.117524,1.149137,1.172323,1.208751,1.280092,1.321336,1.389065,1.436328,1.496834,1.59466,1.698505,1.739749,1.841187,1.886042,1.986276,2.019093,1.951988,1.981193,1.797311,1.721779,1.54151,1.409395,1.212271,1.080157,0.933596,0.864083,0.771696,0.743115,0.71935,0.706419,0.6971,0.687781,0.678462,0.669143,0.659824,0.650505,0.641186,0.631867,0.622548
1.151498,1.154472,1.14409,1.14585,1.120898,1.128729,1.124418,1.116465,1.136437,1.14791,1.160598,1.179356,1.209042,1.252084,1.330337,1.290814,1.344784,1.482531,1.530429,1.680318,1.649296,1.743333,1.766947,1.835487,1.880957,1.881503,1.868693,1.89595,1.741082,1.601998,1.498125,1.36754,1.218742,1.093014,1.010996,0.880411,0.812964,0.745516,0.722992,0.705325,0.694943,0.685776,0.676608,0.667441,0.658273,0.649105,0.639938,0.63077,0.621602,0.612435
1.353841,1.328371,1.291635,1.271172,1.249458,1.249025,1.221052,1.200589,1.180127,1.153405,1.154224,1.163806,1.155862,1.152926,1.142478,1.192119,1.192937,1.233815,1.305989,1.360637,1.396507,1.517503,1.610958,1.74322,1.857956,1.953915,2.103703,2.209676,2.303132,2.410357,2.309777,2.119064,2.028499,1.791468,1.576971,1.398776,1.193042,1.018603,0.89549,0.813687,0.794477,0.781525,0.771078,0.76063,0.750182,0.739735,0.729287,0.718839,0.708392,0.697944
1.239171,1.242316,1.206608,1.19798,1.170513,1.150111,1.139127,1.136386,1.10421,1.093227,1.082243,1.074792,1.08147,1.095211,1.10542,1.126226,1.156451,1.203159,1.255753,1.344846,1.398619,1.530097,1.643915,1.800118,1.840939,2.003029,2.016771,2.149426,2.213795,2.115686,2.114122,1.941839,1.727171,1.549001,1.396733,1.160872,1.015669,0.870466,0.798259,0.757842,0.743326,0.73352,0.723714,0.713908,0.704102,0.694297,0.684491,0.674685,0.664879,0.655073
0.602362,0.597605,0.582102,0.577911,0.560711,0.554257,0.556287,0.544743,0.536027,0.535229,0.533865,0.529673,0.520957,0.534864,0.538025,0.564939,0.566403,0.598973,0.631544,0.652237,0.698946,0.755836,0.815553,0.86,0.913496,0.99018,1.023881,1.067763,1.066399,1.047503,1.001459,0.911867,0.823407,0.725897,0.630084,0.546713,0.47126,0.417865,0.385395,0.368195,0.36061,0.355853,0.351096,0.346339,0.341582,0.336824,0.332067,0.32731,0.322553,0.317796
1.202142,1.177378,1.167836,1.141901,1.147582,1.122818,1.102738,1.099051,1.095364,1.079968,1.076281,1.071423,1.078275,1.12611,1.121252,1.164403,1.204042,1.246022,1.366456,1.389701,1.519502,1.556799,1.691284,1.781273,1.875946,1.962423,2.047728,2.131862,2.091876,2.083506,1.979117,1.722505,1.584159,1.35565,1.20091,1.022752,0.919534,0.822171,0.762279,0.737515,0.723289,0.713748,0.704206,0.694665,0.685123,0.675582,0.66604,0.656498,0.646957,0.637415
1.03729,1.029004,1.013464,0.990669,0.992746,0.968916,0.967883,0.943017,0.948202,0.943025,0.960647,0.959614,0.982417,1.011438,1.032168,1.036318,1.096428,1.170009,1.214575,1.311991,1.362774,1.493353,1.536882,1.620826,1.719279,1.726538,1.801156,1.814632,1.76593,1.678885,1.537952,1.438471,1.293393,1.134844,0.978366,0.847796,0.762824,0.703759,0.65713,0.639517,0.628122,0.619836,0.61155,0.603263,0.594977,0.586691,0.578405,0.570119,0.561833,0.553547
1.368468,1.353509,1.341323,1.309725,1.297539,1.27842,1.274554,1.273461,1.280687,1.292073,1.293753,1.307912,1.327617,1.387533,1.433584,1.450516,1.521525,1.59808,1.707913,1.788628,1.855477,1.981949,2.12506,2.147539,2.272624,2.264598,2.296783,2.23884,2.149005,2.07165,1.988748,1.815719,1.563655,1.416971,1.224529,1.073685,0.965825,0.898176,0.854099,0.83082,0.818634,0.807835,0.797036,0.786236,0.775437,0.764638,0.753838,0.743039,0.732239,0.72144
1.332458,1.35823,1.347763,1.309754,1.326828,1.300416,1.334885,1.331666,1.326997,1.329576,1.362596,1.375322,1.425737,1.435563,1.48018,1.547989,1.623047,1.693756,1.806502,1.88011,1.920378,2.036023,2.092236,2.04408,2.093045,2.128965,2.095304,2.063093,1.983047,1.876908,1.720034,1.587803,1.354102,1.250862,1.125879,1.006694,0.913601,0.853848,0.825986,0.803922,0.793455,0.782988,0.772521,0.762054,0.751586,0.741119,0.730652,0.720185,0.709717,0.69925
1.203612,1.175701,1.167083,1.148359,1.135148,1.113668,1.100456,1.083569,1.066683,1.06174,1.037504,1.044504,1.023942,1.033699,1.03978,1.040349,1.076748,1.099367,1.132091,1.158384,1.228776,1.303761,1.366803,1.468431,1.52596,1.636775,1.698899,1.820738,1.865406,1.877918,1.872056,1.810153,1.637085,1.492497,1.341478,1.177596,1.005447,0.907713,0.803549,0.739808,0.725678,0.713385,0.703848,0.694311,0.684775,0.675238,0.665701,0.656164,0.646628,0.637091
1.342623,1.344451,1.303356,1.295762,1.278745,1.233463,1.226915,1.219321,1.193929,1.189475,1.191303,1.177427,1.156223,1.186317,1.183957,1.213003,1.213784,1.262722,1.337831,1.390957,1.410581,1.541176,1.628849,1.705006,1.821991,1.92432,2.032931,2.079775,2.21037,2.119024,2.078976,1.904926,1.750767,1.584045,1.407901,1.174178,1.061895,0.952752,0.862453,0.834968,0.813764,0.803029,0.792294,0.781559,0.770824,0.760088,0.749353,0.738618,0.727883,0.717148
1.044469,1.023529,1.012116,0.988794,0.974999,0.967555,0.945821,0.935202,0.919025,0.912375,0.907313,0.907808,0.89957,0.908798,0.916438,0.942338,0.9341,0.965557,1.050999,1.051494,1.103592,1.176332,1.249072,1.317842,1.43107,1.533184,1.613068,1.631029,1.64899,1.611378,1.578529,1.418657,1.324679,1.17354,1.025577,0.933186,0.786017,0.697596,0.659984,0.635074,0.624455,0.616217,0.607979,0.599741,0.591504,0.583266,0.575028,0.56679,0.558553,0.550315
1.277571,1.284417,1.232932,1.212625,1.202374,1.184078,1.175839,1.161565,1.143269,1.138047,1.134837,1.112517,1.116347,1.122187,1.155183,1.168063,1.218155,1.262213,1.301242,1.398603,1.452717,1.562146,1.615255,1.769941,1.799919,1.906331,2.028834,2.013555,2.054595,1.9659,1.847032,1.772416,1.575104,1.37578,1.233781,1.064628,0.959841,0.885225,0.813626,0.790301,0.777034,0.766783,0.756533,0.746282,0.736031,0.725781,0.71553,0.70528,0.695029,0.684778
1.438152,1.433446,1.372092,1.359482,1.336333,1.326358,1.311113,1.306407,1.291162,1.268013,1.272529,1.271776,1.30791,1.320331,1.298499,1.375472,1.436637,1.497802,1.598488,1.709714,1.830162,1.838631,2.064471,2.094018,2.251353,2.341501,2.376317,2.473052,2.449902,2.246269,2.08084,1.93122,1.731538,1.567427,1.357206,1.189142,1.038205,0.953137,0.893101,0.871269,0.856024,0.844732,0.833439,0.822146,0.810854,0.799561,0.788268,0.776976,0.765683,0.754391
16.72921,16.614281,16.209818,15.890513,15.860741,15.643624,15.562758,15.447829,15.315869,15.217971,15.188199,15.499052,15.537405,16.342168,16.414584,17.236376,18.654268,18.488245,20.229731,21.204809,22.230979,23.563715,24.572853,26.17809,27.425667,28.128244,28.762692,29.209795,28.021892,27.634462,24.964832,22.925362,19.642602,17.500946,15.614756,13.541224,12.063787,11.097291,10.522516,10.152116,10.003125,9.871165,9.739204,9.607244,9.475283,9.343322,9.211362,9.079401,8.947441,8.815479
2.071036,2.07823,2.047587,2.047686,2.012313,2.014777,1.991228,1.996057,2.107306,2.053013,1.982167,2.124158,2.185744,2.223682,2.34439,2.486381,2.533778,2.775094,2.756275,3.037794,3.191609,3.220087,3.537079,3.655422,3.624778,3.769135,3.620248,3.506834,3.525852,3.261086,2.91828,2.672434,2.348547,2.008105,1.793002,1.618101,1.495228,1.388909,1.294414,1.268499,1.247315,1.230861,1.214406,1.197952,1.181497,1.165043,1.148588,1.132134,1.115679,1.099225
1.246029,1.240858,1.223148,1.205438,1.185799,1.172912,1.149414,1.137492,1.128463,1.103036,1.104617,1.096553,1.077878,1.077531,1.084899,1.078764,1.103495,1.155234,1.185753,1.195051,1.265117,1.363155,1.388851,1.51872,1.601326,1.714797,1.801261,1.907016,1.966472,2.011459,1.923335,1.861255,1.717186,1.562506,1.439658,1.199132,1.036736,0.945718,0.827693,0.781045,0.758512,0.747554,0.737561,0.727567,0.717574,0.70758,0.697587,0.687593,0.6776,0.667606
1.689495,1.654782,1.665067,1.627706,1.616815,1.576807,1.538123,1.529879,1.517665,1.513391,1.474707,1.471757,1.480719,1.464534,1.514525,1.507604,1.540389,1.610232,1.686693,1.724772,1.819762,1.958427,1.99783,2.203994,2.292366,2.486619,2.486316,2.624982,2.763647,2.636287,2.661132,2.454362,2.161564,1.942882,1.744054,1.528019,1.319926,1.181979,1.078442,1.041081,1.02622,1.012682,0.999144,0.985607,0.972069,0.958531,0.944993,0.931455,0.917917,0.904379
2.674554,2.612107,2.584825,2.522377,2.445451,2.434716,2.41157,2.39463,2.357005,2.325585,2.312782,2.322733,2.328546,2.311606,2.321556,2.374945,2.453157,2.537573,2.564072,2.756051,2.883906,3.204132,3.191329,3.418473,3.809028,3.918267,3.99441,4.16984,4.243915,4.214563,3.98043,3.622187,3.251532,2.940864,2.5971,2.290569,2.041957,1.79955,1.679184,1.629148,1.597728,1.576651,1.555574,1.534497,1.51342,1.492343,1.471265,1.450188,1.429111,1.408034
1.22479,1.208946,1.177148,1.174266,1.156427,1.158531,1.139695,1.114876,1.106012,1.106121,1.090277,1.102351,1.116421,1.11653,1.122622,1.144668,1.191642,1.232633,1.297555,1.320598,1.432385,1.493319,1.576189,1.647093,1.752897,1.875652,1.86579,1.96262,1.940793,1.909992,1.807398,1.656943,1.447657,1.310165,1.199594,1.051133,0.926603,0.846943,0.786228,0.759415,0.747559,0.737698,0.727836,0.717974,0.708112,0.698251,0.688389,0.678527,0.668665,0.658804
1.393211,1.397042,1.354502,1.329351,1.315792,1.311508,1.282879,1.280913,1.287062,1.278141,1.270378,1.276528,1.291951,1.283029,1.347142,1.381113,1.386103,1.500063,1.51085,1.634084,1.731815,1.856209,1.931914,1.924152,2.04275,2.113818,2.213868,2.170168,2.164724,2.126821,1.909232,1.77511,1.594617,1.401373,1.276525,1.125014,0.999007,0.939078,0.89306,0.86559,0.852032,0.840792,0.829552,0.818312,0.807072,0.795832,0.784592,0.773352,0.762112,0.750872
1.383328,1.359456,1.333257,1.316367,1.305296,1.308189,1.273844,1.282555,1.293594,1.262741,1.276107,1.296455,1.324949,1.345298,1.378447,1.445343,1.483147,1.546552,1.590174,1.646597,1.739094,1.83741,1.875214,1.971202,2.012497,2.107321,2.136979,2.070051,2.096218,1.916412,1.841337,1.665022,1.535255,1.342648,1.21288,1.069148,0.999893,0.908527,0.878837,0.853801,0.839239,0.828168,0.817097,0.806026,0.794954,0.783883,0.772812,0.761741,0.75067,0.739598
1.296441,1.297177,1.285577,1.285192,1.260134,1.265357,1.259364,1.250007,1.266445,1.275032,1.284741,1.300057,1.325466,1.363212,1.433482,1.394966,1.442806,1.568029,1.610261,1.7467,1.716034,1.800884,1.820686,1.881983,1.921973,1.920466,1.906623,1.92979,1.784731,1.654251,1.556296,1.433667,1.294216,1.176073,1.098304,0.975675,0.911365,0.847054,0.824239,0.80591,0.79431,0.783832,0.773353,0.762875,0.752396,0.741918,0.731439,0.720961,0.710482,0.700004
1.64141,1.613264,1.573694,1.550625,1.526288,1.523529,1.492844,1.469776,1.446707,1.417292,1.415803,1.423199,1.412825,1.407527,1.394614,1.44263,1.441141,1.480272,1.551137,1.60423,1.638283,1.758654,1.851098,1.982892,2.096916,2.191899,2.341465,2.446603,2.539047,2.645454,2.541146,2.345443,2.25129,2.008621,1.7888,1.605791,1.394856,1.215655,1.088498,1.003231,0.981432,0.965979,0.953066,0.940152,0.927239,0.914325,0.901412,0.888499,0.875585,0.862671
1.155338,1.156125,1.126708,1.118342,1.095332,1.077814,1.067617,1.063828,1.037157,1.02696,1.016764,1.009313,1.012845,1.021869,1.028147,1.042663,1.0645,1.099151,1.138379,1.205979,1.246121,1.34667,1.433491,1.55326,1.583335,1.707681,1.716705,1.81817,1.866549,1.788624,1.78575,1.650163,1.481628,1.341466,1.221439,1.036429,0.921894,0.807359,0.749569,0.716491,0.703549,0.694268,0.684987,0.675706,0.666424,0.657143,0.647862,0.638581,0.6293,0.620018
2.253843,2.235799,2.183434,2.167198,2.109413,2.085951,2.089585,2.049865,2.019177,2.013779,2.006574,1.990338,1.95965,2.001218,2.008465,2.091581,2.093409,2.19459,2.29577,2.359016,2.505357,2.684213,2.872102,3.011217,3.179235,3.421317,3.52611,3.663419,3.656214,3.593011,3.443099,3.154093,2.8687,2.554405,2.245528,1.976393,1.732548,1.559152,1.452595,1.394811,1.367735,1.349692,1.331649,1.313606,1.295563,1.27752,1.259477,1.241434,1.223391,1.205348
1.190431,1.167014,1.157501,1.133014,1.137405,1.113988,1.094849,1.090684,1.086518,1.071657,1.067492,1.062257,1.067717,1.11061,1.105374,1.143989,1.179396,1.216941,1.326144,1.346577,1.464336,1.497603,1.61964,1.701035,1.786708,1.864895,1.942012,2.01806,1.98074,1.972296,1.876153,1.640972,1.513813,1.304301,1.162168,0.998646,0.903572,0.813845,0.758343,0.734926,0.721135,0.711622,0.702109,0.692595,0.683082,0.673569,0.664056,0.654543,0.645029,0.635516
1.980379,1.964593,1.934587,1.890361,1.894891,1.848633,1.847068,1.798779,1.809403,1.799712,1.834713,1.833148,1.878306,1.935653,1.976749,1.985341,2.103632,2.248332,2.336152,2.527576,2.627584,2.884015,2.969803,3.134818,3.328273,3.34296,3.489691,3.516567,3.421554,3.251377,2.975564,2.78101,2.497071,2.186723,1.880438,1.624939,1.458825,1.343498,1.252549,1.21848,1.1966,1.180815,1.165029,1.149244,1.133458,1.117673,1.101887,1.086102,1.070316,1.054531
2.180521,2.155901,2.136392,2.081109,2.0616,2.029314,2.025137,2.02607,2.042335,2.066266,2.072309,2.101351,2.140613,2.253979,2.341792,2.375944,2.509752,2.653781,2.859138,3.010832,3.136975,3.372994,3.639678,3.684051,3.917515,3.905672,3.967931,3.864098,3.701493,3.561885,3.412056,3.096134,2.63456,2.367188,2.015492,1.740454,1.54463,1.422909,1.344628,1.304677,1.285168,1.268214,1.25126,1.234306,1.217352,1.200398,1.183445,1.166491,1.149537,1.132583
1.509863,1.531546,1.519476,1.481752,1.495335,1.468413,1.498198,1.492878,1.486209,1.48629,1.514724,1.524257,1.568893,1.575725,1.614961,1.6758,1.743389,1.806928,1.909622,1.975861,2.011047,2.116441,2.166478,2.119303,2.16259,2.193725,2.160052,2.127729,2.05085,1.949669,1.801231,1.675747,1.455751,1.35727,1.238536,1.125204,1.036174,0.978198,0.949925,0.927053,0.914983,0.902913,0.890842,0.878772,0.866702,0.854631,0.842561,0.83049,0.81842,0.806349
2.454427,2.401599,2.383611,2.347373,2.32109,2.279875,2.253592,2.220672,2.187753,2.1764,2.130209,2.140423,2.100868,2.116059,2.124615,2.123217,2.186519,2.224937,2.281604,2.326657,2.451343,2.584324,2.695738,2.87683,2.97829,3.175972,3.285727,3.503318,3.581551,3.60172,3.588708,3.474498,3.159547,2.896026,2.620892,2.322532,2.00924,1.830328,1.639803,1.522275,1.494332,1.469708,1.45006,1.430413,1.410765,1.391118,1.37147,1.351823,1.332175,1.312528
1.486191,1.487885,1.443119,1.434614,1.415911,1.366613,1.359241,1.350737,1.322968,1.317863,1.319557,1.304253,1.281017,1.313307,1.310469,1.341625,1.342186,1.394873,1.475888,1.533108,1.554066,1.69514,1.789754,1.871903,1.998246,2.108725,2.226002,2.276422,2.417496,2.318338,2.274705,2.086026,1.918878,1.738131,1.547186,1.293916,1.172094,1.053672,0.955647,0.925612,0.902376,0.890472,0.878568,0.866664,0.85476,0.842856,0.830952,0.819048,0.807144,0.79524
3.703948,3.6301,3.589709,3.507497,3.458741,3.432289,3.355654,3.31805,3.26093,3.237266,3.219178,3.220605,3.191365,3.22346,3.249978,3.34062,3.31138,3.421537,3.721275,3.722703,3.905347,4.160478,4.415608,4.656799,5.054115,5.4124,5.692623,5.755385,5.818147,5.685753,5.570086,5.008348,4.678009,4.146938,3.627019,3.302256,2.785124,2.474301,2.341907,2.25412,2.216516,2.187276,2.158036,2.128796,2.099555,2.070315,2.041075,2.011835,1.982595,1.953355
1.364942,1.373113,1.31617,1.294029,1.283115,1.26322,1.254551,1.239146,1.219251,1.21395,1.210894,1.186508,1.191311,1.19836,1.23572,1.250626,1.307072,1.356781,1.400876,1.510086,1.571022,1.693704,1.753517,1.926718,1.96071,2.080023,2.217299,2.200772,2.247113,2.148632,2.016471,1.933707,1.713979,1.492006,1.334025,1.145731,1.029287,0.946523,0.867127,0.841619,0.827337,0.816422,0.805508,0.794594,0.78368,0.772766,0.761852,0.750937,0.740023,0.729109
6.48553,6.464317,6.187589,6.130722,6.026317,5.981336,5.912584,5.891371,5.822619,5.718215,5.738598,5.73521,5.898205,5.95424,5.855778,6.202981,6.478877,6.754774,7.208936,7.710636,8.253931,8.292141,9.310812,9.444095,10.153771,10.560397,10.717449,11.153785,11.049381,10.130895,9.384733,8.709878,7.809219,7.069,6.120804,5.362757,4.68196,4.298272,4.027486,3.929024,3.860273,3.809349,3.758425,3.7075,3.656576,3.605651,3.554727,3.503802,3.452878,3.401953
1.07114,1.06378,1.037897,1.017463,1.01555,1.001652,0.996471,0.989111,0.980661,0.97439,0.972477,0.992355,0.9948,1.046274,1.050898,1.103461,1.194158,1.183529,1.294926,1.357295,1.422932,1.508181,1.572729,1.67541,1.755211,1.800147,1.840726,1.869319,1.793319,1.768527,1.597739,1.467263,1.257252,1.120239,0.999568,0.866913,0.772391,0.710555,0.673778,0.650074,0.640535,0.632085,0.623635,0.615185,0.606735,0.598286,0.589836,0.581386,0.572936,0.564486
1.669495,1.667223,1.646627,1.64092,1.618033,1.613471,1.596311,1.592894,1.641014,1.608965,1.5689,1.631908,1.655978,1.668594,1.721295,1.784303,1.801501,1.912611,1.897741,2.028319,2.097054,2.10509,2.252847,2.304403,2.283807,2.347961,2.270102,2.209422,2.212876,2.078899,1.907129,1.782314,1.619706,1.449081,1.339155,1.248698,1.183437,1.126193,1.074675,1.05637,1.040355,1.02663,1.012906,0.999182,0.985458,0.971733,0.958009,0.944285,0.93056,0.916836
4.100294,4.080433,4.025693,3.970954,3.910848,3.869523,3.798686,3.760045,3.729452,3.653249,3.652169,3.624259,3.566837,3.56039,3.575408,3.552864,3.616175,3.754609,3.834017,3.854401,4.043812,4.311028,4.377021,4.732775,4.957064,5.267207,5.502228,5.790908,5.950805,6.070459,5.819863,5.641707,5.235499,4.799779,4.452597,3.778093,3.320909,3.062264,2.728497,2.593268,2.525114,2.489156,2.45588,2.422604,2.389328,2.356052,2.322777,2.289501,2.256225,2.222949
1.607179,1.574717,1.583808,1.548902,1.538439,1.501089,1.464962,1.456942,1.445257,1.440904,1.404777,1.401646,1.409514,1.394163,1.439916,1.433119,1.462986,1.527072,1.597268,1.632023,1.719329,1.846964,1.882941,2.072905,2.1541,2.333064,2.332378,2.460014,2.587649,2.46964,2.492174,2.300837,2.030064,1.827728,1.643725,1.443834,1.251275,1.123489,1.027478,0.992572,0.978442,0.965535,0.952627,0.93972,0.926812,0.913905,0.900997,0.88809,0.875182,0.862275
21.145663,20.652385,20.436729,19.943449,19.335854,19.250844,19.067851,18.933848,18.636539,18.388223,18.286882,18.365179,18.410816,18.276813,18.355112,18.776356,19.393571,20.059778,20.268723,21.784131,22.793284,25.321201,25.21986,27.01289,30.096053,30.958231,31.559115,32.943877,33.528428,33.296441,31.447707,28.619125,25.692557,23.239585,20.525318,18.105006,16.141956,14.227897,13.277355,12.882061,12.633743,12.467081,12.300417,12.133754,11.96709,11.800426,11.633762,11.467099,11.300435,11.133773
2.248409,2.218473,2.156676,2.152626,2.118708,2.124615,2.088705,2.040847,2.02485,2.026774,1.996838,2.022658,2.05246,2.054384,2.068256,2.113989,2.209504,2.293071,2.424428,2.472153,2.6971,2.820493,2.987694,3.130999,3.343999,3.590852,3.572863,3.767942,3.726058,3.666253,3.463075,3.164316,2.748071,2.475198,2.25609,1.961314,1.714328,1.55695,1.437406,1.385565,1.363594,1.345606,1.327618,1.309629,1.291641,1.273652,1.255664,1.237675,1.219687,1.201698
7.308978,7.348101,7.088331,6.940645,6.867684,6.8545,6.684398,6.686158,6.740225,6.697152,6.661551,6.715618,6.829463,6.78639,7.214071,7.447473,7.494068,8.243057,8.327014,9.135782,9.78016,10.5964,11.098805,11.063204,11.842083,12.314599,12.973922,12.706679,12.686023,12.456142,11.068057,10.217976,9.069004,7.837836,7.047534,6.085369,5.287594,4.915741,4.633554,4.470925,4.397962,4.339945,4.281927,4.223909,4.165892,4.107874,4.049856,3.991839,3.933821,3.875804
0.991261,0.971181,0.948852,0.935516,0.927801,0.933575,0.903378,0.914772,0.928414,0.901589,0.91748,0.940115,0.970619,0.993254,1.028254,1.095852,1.135349,1.199575,1.244692,1.302174,1.394502,1.492451,1.531947,1.627648,1.670517,1.765094,1.796721,1.73505,1.763305,1.592597,1.523057,1.355721,1.233349,1.050276,0.927903,0.792042,0.728122,0.642845,0.617144,0.59594,0.584852,0.577137,0.569421,0.561706,0.553991,0.546275,0.53856,0.530845,0.523129,0.515414
21.814149,21.875583,21.678735,21.716686,21.238078,21.393431,21.313982,21.164094,21.554246,21.780041,22.029313,22.395984,22.973978,23.810249,25.327439,24.567073,25.614666,28.282378,29.212568,32.115079,31.519072,33.341502,33.802095,35.131445,36.014677,36.029151,35.785342,36.316375,33.325408,30.639683,28.634877,26.113511,23.239945,20.8125,19.230332,16.708966,15.40856,14.108153,13.676506,13.338778,13.14193,12.968563,12.795197,12.621829,12.448461,12.275093,12.101726,11.928358,11.75499,11.581624
2.324179,2.28622,2.233633,2.202174,2.169091,2.163637,2.122427,2.090969,2.059511,2.019926,2.016098,2.023646,2.008441,1.999737,1.981281,2.040839,2.03701,2.085191,2.174004,2.240063,2.281743,2.433942,2.550385,2.717211,2.861284,2.980978,3.170559,3.303254,3.419697,3.554018,3.418542,3.166044,3.04357,2.730937,2.44756,2.211315,1.939314,1.707946,1.543214,1.432117,1.402284,1.380577,1.362121,1.343665,1.325209,1.306753,1.288297,1.269841,1.251385,1.23293
3.276152,3.278174,3.195134,3.17138,3.106383,3.056853,3.027943,3.017078,2.941771,2.912861,2.883952,2.862775,2.872531,2.897752,2.91524,2.955927,3.017235,3.114631,3.224914,3.415105,3.527966,3.810952,4.055273,4.39239,4.476896,4.826902,4.852122,5.137686,5.273746,5.054091,5.045803,4.663755,4.188913,3.793978,3.455751,2.934511,2.61175,2.288989,2.126042,2.032691,1.996049,1.969717,1.943385,1.917054,1.890722,1.86439,1.838058,1.811727,1.785395,1.759063
1.851286,1.836466,1.793449,1.780113,1.732643,1.713371,1.716359,1.68373,1.658522,1.65409,1.648174,1.634838,1.609629,1.643783,1.64974,1.718027,1.719532,1.80266,1.885788,1.93775,2.05798,2.204923,2.359286,2.473579,2.611617,2.810502,2.896599,3.009408,3.003492,2.95157,2.828413,2.590983,2.356522,2.098315,1.844561,1.623456,1.423128,1.280678,1.193139,1.145669,1.123429,1.108609,1.093789,1.078968,1.064148,1.049328,1.034508,1.019687,1.004867,0.990047
2.787961,2.733113,2.710834,2.65348,2.66377,2.608921,2.564094,2.554341,2.544589,2.509783,2.50003,2.487773,2.500568,2.601052,2.588793,2.679255,2.762201,2.850157,3.105971,3.153842,3.4297,3.507635,3.793513,3.984189,4.184886,4.368045,4.5487,4.726849,4.63943,4.619656,4.394444,3.843536,3.545668,3.054888,2.721945,2.338896,2.116189,1.906008,1.775999,1.72115,1.68885,1.666571,1.644291,1.622012,1.599733,1.577454,1.555175,1.532895,1.510616,1.488337
2.427871,2.408518,2.371741,2.317541,2.323078,2.266389,2.264459,2.205281,2.218285,2.206399,2.249272,2.247342,2.30266,2.372912,2.423252,2.433767,2.57869,2.755971,2.863559,3.098088,3.22061,3.534789,3.639888,3.842059,4.079077,4.097059,4.27683,4.309746,4.19332,3.9848,3.646849,3.40846,3.060552,2.680288,2.305002,1.991941,1.788398,1.647082,1.535634,1.493879,1.467059,1.447706,1.428352,1.408999,1.389646,1.370292,1.350939,1.331585,1.312232,1.292879
1.030859,1.019317,1.010105,0.984584,0.975372,0.960336,0.958114,0.958222,0.96532,0.975914,0.978352,0.991275,1.008858,1.060226,1.099944,1.115197,1.175885,1.241232,1.33454,1.403382,1.460575,1.567862,1.68913,1.709043,1.815165,1.809448,1.837516,1.78986,1.715409,1.651443,1.582817,1.438466,1.227711,1.105496,0.944836,0.819125,0.729529,0.673718,0.637711,0.61918,0.609968,0.601922,0.593875,0.585828,0.577782,0.569735,0.561688,0.553642,0.545595,0.537548
3.678646,3.760177,3.731569,3.619254,3.674351,3.597282,3.705246,3.698665,3.687679,3.698721,3.80228,3.844161,4.000587,4.033656,4.17246,4.381753,4.613074,4.831178,5.177044,5.40396,5.529546,5.884224,6.058272,5.915118,6.067139,6.179509,6.080411,5.985719,5.745642,5.426265,4.952692,4.554014,3.846946,3.53638,3.15973,2.800703,2.520976,2.342578,2.261102,2.197249,2.16864,2.140032,2.111423,2.082815,2.054206,2.025597,1.996989,1.96838,1.939772,1.911163
1.448751,1.431334,1.435358,1.386971,1.379083,1.347372,1.327573,1.294671,1.285592,1.270557,1.272199,1.245253,1.258806,1.268785,1.26328,1.310185,1.3154,1.34563,1.440181,1.452543,1.555433,1.663088,1.786227,1.890308,1.978904,2.121102,2.277594,2.298294,2.336861,2.358753,2.250808,2.130951,1.91342,1.716138,1.529577,1.359692,1.168366,1.021113,0.9358,0.89456,0.869996,0.857343,0.845882,0.834421,0.82296,0.811499,0.800037,0.788576,0.777115,0.765654
